# Blender 4.5.12 LTS
# www.blender.org
o BRAVEN_braven_netball_dress
v -0.130023 1.346701 0.080394
v -0.122790 1.328351 0.089020
v -0.118846 1.312259 0.094755
v -0.116305 1.297313 0.099121
v -0.137927 1.390353 0.053747
v -0.110830 1.358260 0.079304
v -0.106393 1.338660 0.091212
v -0.103932 1.320616 0.099740
v -0.102101 1.304563 0.106426
v -0.110190 1.396713 0.050557
v -0.119343 1.404478 0.037647
v -0.089585 1.365674 0.077305
v -0.087422 1.347212 0.091228
v -0.085132 1.328421 0.101849
v -0.083905 1.312226 0.110176
v -0.090213 1.401604 0.046803
v -0.098002 1.409281 0.033818
v -0.059963 1.370279 0.078247
v -0.059938 1.351549 0.091770
v -0.059309 1.333645 0.102335
v -0.059417 1.317197 0.111383
v -0.140349 1.245094 0.002804
v -0.113156 1.240274 -0.043845
v -0.095537 1.243076 -0.058648
v -0.073456 1.245854 -0.067836
v -0.123985 0.918216 -0.051357
v -0.149754 1.330259 0.078457
v -0.140388 1.313677 0.081772
v -0.128417 0.879522 -0.053308
v -0.133477 1.299758 0.085700
v -0.129161 1.287709 0.087761
v -0.177484 1.282595 0.056997
v -0.160810 1.284449 0.055242
v -0.150066 1.278757 0.053354
v -0.144482 1.268962 0.051006
v -0.051361 1.246453 -0.070067
v -0.031131 1.245408 -0.067633
v -0.098822 1.402632 -0.044567
v -0.105496 1.419041 -0.015770
v -0.103017 1.420977 0.006633
v -0.100771 1.415644 0.020249
v -0.046807 1.231203 0.138702
v -0.116577 1.391584 -0.043888
v -0.124425 1.410090 -0.017433
v -0.124241 1.413386 0.004420
v -0.122572 1.409725 0.022979
v -0.124005 1.357116 -0.055366
v -0.108221 1.292699 -0.065246
v -0.104276 1.274260 -0.063187
v -0.102568 1.364094 -0.062903
v -0.085884 1.297121 -0.075974
v -0.081764 1.277589 -0.073756
v -0.076733 1.369528 -0.065872
v -0.061418 1.296973 -0.076887
v -0.058056 1.278507 -0.074568
v -0.042673 1.354431 -0.066157
v -0.038443 1.295763 -0.073358
v -0.034948 1.277129 -0.072601
v -0.136263 1.380497 -0.040045
v -0.042657 1.208692 -0.059717
v -0.141953 1.347337 -0.048828
v -0.146382 1.271914 0.002056
v -0.142993 1.265264 0.003540
v -0.155894 1.332939 -0.044239
v -0.026955 1.208831 -0.057772
v -0.152552 1.275564 -0.005433
v -0.150468 1.274370 0.032951
v -0.146314 1.266270 0.031285
v -0.161581 1.264029 0.001126
v -0.167347 1.267619 0.037682
v -0.172716 1.251737 -0.000270
v -0.177854 1.253950 0.033079
v -0.190106 1.233829 -0.002150
v -0.192985 1.235247 0.028435
v -0.159376 1.274825 0.034804
v -0.168296 1.311147 -0.039669
v -0.155104 1.298878 0.069684
v -0.167352 1.307773 0.069908
v -0.139858 1.275103 0.069441
v -0.146591 1.287559 0.070952
v -0.122389 1.271382 -0.047381
v -0.125804 1.286226 -0.050016
v -0.133552 0.838207 -0.048632
v -0.135787 0.801577 -0.039066
v -0.112784 0.984476 -0.038130
v -0.028434 1.220465 -0.061211
v -0.045757 1.220514 -0.063528
v -0.066167 1.219929 -0.061635
v -0.086860 1.218183 -0.053864
v -0.104553 1.216541 -0.040512
v -0.132714 1.219284 0.000512
v -0.136771 1.226614 0.026897
v -0.132258 1.231473 0.051408
v -0.119675 1.241608 0.096319
v -0.125729 1.235014 0.074445
v -0.083573 1.296273 0.117387
v -0.059505 1.302527 0.119067
v -0.037789 1.209980 0.135978
v -0.057135 1.205894 0.132510
v -0.074400 1.202948 0.125735
v -0.087504 1.198006 0.115956
v -0.101691 1.192695 0.100400
v -0.113096 1.222891 0.101600
v -0.125710 1.275391 0.089424
v -0.115126 1.283676 0.103377
v -0.101437 1.289480 0.113104
v -0.082558 1.414346 0.030308
v -0.046313 1.384502 0.070191
v -0.075243 1.407445 0.042796
v -0.058786 1.290370 0.124410
v -0.082576 1.284611 0.122561
v -0.106585 1.011490 -0.028460
v -0.100441 1.278899 0.117449
v -0.115196 1.271246 0.107206
v -0.131950 1.256412 0.070936
v -0.119108 0.952879 -0.046711
v -0.123834 1.263225 0.090957
v -0.108281 1.182704 -0.021424
v -0.138360 1.251776 0.049780
v -0.117530 1.205295 -0.021938
v -0.096356 1.152271 -0.021531
v -0.141896 1.248372 0.027181
v -0.090236 1.130755 -0.019671
v -0.076877 1.387384 0.062824
v -0.097455 1.382594 0.064237
v -0.120591 1.375426 0.068249
v -0.143859 1.363498 0.070870
v -0.111117 1.312309 -0.066508
v -0.089430 1.317249 -0.075827
v -0.065526 1.317302 -0.076942
v -0.040975 1.314794 -0.072861
v -0.086529 1.102820 -0.015296
v -0.129734 1.239731 -0.023964
v -0.133769 1.253443 -0.025366
v -0.113291 1.194334 -0.021618
v -0.128663 1.302075 -0.052208
v -0.102865 1.169235 -0.021403
v -0.090285 1.067555 -0.014983
v -0.099130 1.037519 -0.020481
v -0.141064 1.288775 -0.032386
v -0.137961 1.278464 -0.028823
v -0.136245 1.267157 -0.027425
v -0.121018 1.216094 -0.022582
v -0.042640 1.334882 -0.070480
v -0.070273 1.339843 -0.074365
v -0.094146 1.338866 -0.072312
v -0.115564 1.333426 -0.064297
v -0.132444 1.323308 -0.054294
v -0.168322 1.275492 -0.027558
v -0.180860 1.260491 -0.026477
v -0.199144 1.240749 -0.025345
v -0.156646 1.290365 -0.031920
v -0.141334 1.260443 0.050134
v -0.099934 1.257923 -0.060941
v -0.077581 1.260813 -0.070674
v -0.054512 1.261517 -0.072541
v -0.032684 1.260122 -0.070607
v -0.142600 1.256695 0.002987
v -0.143984 1.258149 0.028688
v -0.118036 1.254661 -0.045386
v -0.127807 1.210521 0.054628
v -0.079132 1.195618 -0.049371
v -0.059363 1.196701 -0.055449
v -0.040446 1.197222 -0.055600
v -0.025515 1.197243 -0.053968
v -0.126853 1.197432 0.000897
v -0.132192 1.205087 0.028798
v -0.096642 1.194865 -0.037794
v -0.124188 1.184012 0.053700
v -0.072013 1.169639 -0.042449
v -0.054183 1.170392 -0.046440
v -0.037330 1.170417 -0.046612
v -0.022769 1.170067 -0.046524
v -0.117215 1.171020 -0.002327
v -0.126462 1.176330 0.025078
v -0.088196 1.169239 -0.034069
v -0.122691 1.166483 0.051314
v -0.067346 1.152131 -0.037998
v -0.051389 1.152542 -0.041059
v -0.035750 1.152122 -0.042018
v -0.021620 1.151703 -0.042765
v -0.110664 1.153778 -0.004922
v -0.121727 1.159158 0.019743
v -0.082406 1.151808 -0.031717
v -0.121541 1.145876 0.049321
v -0.062826 1.130161 -0.032980
v -0.048819 1.129427 -0.036012
v -0.034681 1.128612 -0.037468
v -0.021571 1.128347 -0.038254
v -0.104994 1.132136 -0.005583
v -0.117916 1.138470 0.017406
v -0.076197 1.130423 -0.027984
v -0.119823 1.111504 0.048520
v -0.060271 1.102193 -0.028094
v -0.048253 1.101023 -0.031153
v -0.034843 1.100401 -0.032807
v -0.021724 1.100232 -0.033241
v -0.100067 1.102889 -0.003426
v -0.114638 1.107619 0.018057
v -0.073208 1.103038 -0.023066
v -0.119700 1.074601 0.049456
v -0.045283 1.076909 0.128501
v -0.116622 1.074121 0.021414
v -0.076528 1.066332 -0.022929
v -0.029667 1.076635 0.133618
v -0.134773 1.265982 0.070003
v -0.119335 1.214739 0.079286
v -0.113112 1.170014 0.077720
v -0.114832 1.188625 0.079492
v -0.067922 1.180316 0.123833
v -0.083004 1.178218 0.114329
v -0.100262 1.074896 0.094328
v -0.028972 1.115879 0.135735
v -0.063930 1.152611 0.123603
v -0.080841 1.152585 0.113038
v -0.098049 1.116032 0.095008
v -0.045865 1.116120 0.131297
v -0.063194 1.117410 0.123331
v -0.081135 1.118278 0.111462
v -0.097479 1.149732 0.096547
v -0.051295 1.181709 0.130265
v -0.028708 1.152606 0.134923
v -0.062958 1.076633 0.120199
v -0.083206 1.076084 0.108999
v -0.099048 1.174413 0.099057
v -0.046727 1.151661 0.131235
v -0.031650 1.184521 0.134416
v -0.112408 1.147426 0.074640
v -0.112464 1.113608 0.073297
v -0.112669 1.074232 0.073992
v -0.104711 1.069353 -0.001286
v -0.125715 1.045070 0.052163
v -0.124562 1.045290 0.022085
v -0.047692 1.036632 0.127449
v -0.033012 1.035700 0.132564
v -0.105905 1.039681 0.098039
v -0.067026 1.036371 0.119474
v -0.087631 1.037732 0.109625
v -0.118797 1.042739 0.079403
v -0.023788 1.065298 -0.032470
v -0.063052 1.065366 -0.027813
v -0.050100 1.064992 -0.030866
v -0.037105 1.065081 -0.032354
v -0.111965 1.009149 0.103259
v -0.033566 0.998894 0.131848
v -0.050420 1.000673 0.127722
v -0.134595 1.017798 0.020703
v -0.134881 1.018685 0.053547
v -0.126978 1.014898 0.083896
v -0.092841 1.005325 0.114220
v -0.071121 1.002201 0.121741
v -0.115600 1.041150 -0.003346
v -0.125117 1.014666 -0.007417
v -0.068122 1.035068 -0.034546
v -0.055273 1.035018 -0.037282
v -0.041615 1.034831 -0.039037
v -0.026852 1.034093 -0.039971
v -0.072352 1.010524 -0.044840
v -0.058783 1.010914 -0.047101
v -0.045175 1.010783 -0.048304
v -0.029636 1.010308 -0.049100
v -0.076641 0.985092 -0.056498
v -0.061951 0.986239 -0.059283
v -0.047452 0.986878 -0.060086
v -0.030961 0.987337 -0.059691
v -0.082397 1.035583 -0.029762
v -0.087712 1.010210 -0.039804
v -0.078745 0.955395 -0.070413
v -0.063124 0.956734 -0.073064
v -0.048302 0.958103 -0.073439
v -0.031216 0.958261 -0.071636
v -0.138368 0.954145 -0.017330
v -0.098348 0.953714 -0.062352
v -0.078848 0.919211 -0.081470
v -0.060572 0.920329 -0.085136
v -0.045665 0.921194 -0.085611
v -0.028163 0.921484 -0.083492
v -0.144381 0.918193 -0.018683
v -0.099713 0.918159 -0.071971
v -0.077932 0.877206 -0.083799
v -0.057450 0.877329 -0.086952
v -0.040301 0.878213 -0.086216
v -0.022458 0.879442 -0.082419
v -0.152150 0.879682 -0.019873
v -0.101688 0.878044 -0.073797
v -0.078581 0.833876 -0.071391
v -0.055879 0.833260 -0.071932
v -0.035392 0.836596 -0.070211
v -0.017875 0.841884 -0.065266
v -0.157652 0.841364 -0.018664
v -0.080183 0.798818 -0.051944
v -0.052910 0.796530 -0.042496
v -0.031040 0.810478 -0.043957
v -0.015689 0.820428 -0.041590
v -0.105206 0.835600 -0.065360
v -0.159229 0.806075 -0.013705
v -0.011483 0.813043 -0.020091
v -0.107581 0.799177 -0.050897
v -0.152137 0.955693 0.016159
v -0.155330 0.956101 0.055017
v -0.141145 0.950118 0.091403
v -0.157583 0.918522 0.018201
v -0.161891 0.917652 0.059061
v -0.146547 0.912381 0.093060
v -0.162150 0.880455 0.021594
v -0.165733 0.882692 0.062143
v -0.150798 0.879112 0.094271
v -0.168031 0.844624 0.023425
v -0.170546 0.849212 0.063962
v -0.155819 0.850031 0.096582
v -0.173016 0.812353 0.025479
v -0.174317 0.818198 0.064604
v -0.087509 0.803605 0.122575
v -0.117977 0.940941 0.111216
v -0.037385 0.925178 0.126288
v -0.054798 0.929073 0.123797
v -0.097708 0.935736 0.117973
v -0.076164 0.931746 0.121141
v -0.120926 0.905286 0.110960
v -0.039988 0.887614 0.119947
v -0.057820 0.891540 0.117030
v -0.098381 0.899551 0.115857
v -0.078336 0.894433 0.116833
v -0.125349 0.873276 0.112156
v -0.035840 0.853178 0.109462
v -0.055814 0.852976 0.110387
v -0.101656 0.867484 0.116926
v -0.079066 0.859907 0.115393
v -0.030726 0.829278 0.099135
v -0.130408 0.845161 0.115666
v -0.054032 0.817799 0.105785
v -0.107037 0.838661 0.121739
v -0.082122 0.829360 0.117030
v -0.095992 0.973309 0.117147
v -0.073983 0.968663 0.122464
v -0.035079 0.961632 0.130177
v -0.115460 0.978302 0.107428
v -0.052550 0.965143 0.127161
v -0.021266 0.811380 0.086140
v -0.012410 0.803721 0.067584
v -0.007114 0.803776 0.017213
v -0.007493 0.807728 -0.004503
v -0.093171 0.984104 -0.050893
v -0.132026 0.986492 -0.013288
v -0.144756 0.988905 0.017134
v -0.135179 0.985648 0.086748
v -0.146162 0.990304 0.053366
v -0.113153 0.812779 0.126463
v -0.062380 0.792413 0.109473
v -0.135979 0.818351 0.119223
v -0.160245 0.820836 0.099572
v -0.034596 0.799728 0.088579
v -0.021310 0.790920 0.069088
v -0.019892 0.790263 -0.001148
v -0.025721 0.798040 -0.018872
v -0.007564 0.799017 0.044612
v -0.064283 1.394964 0.058531
v -0.039663 1.372529 -0.061633
v -0.065372 1.388939 -0.059238
v -0.087333 1.421478 0.018651
v -0.090763 1.426421 0.006481
v -0.092667 1.424647 -0.016095
v -0.085984 1.411795 -0.040955
v -0.122309 1.185144 -0.000586
v -0.056615 1.184478 -0.051363
v -0.024008 1.184798 -0.049962
v -0.038893 1.184889 -0.051277
v -0.092563 1.183156 -0.035997
v -0.126022 1.198557 0.054859
v -0.056133 1.260861 0.135657
v -0.078120 1.257910 0.134104
v -0.067349 1.227149 0.137623
v -0.085022 1.222728 0.131460
v -0.076051 1.183698 -0.046123
v -0.129887 1.221442 0.053021
v -0.134569 1.216056 0.028083
v -0.107163 1.209765 0.100640
v -0.109401 1.243811 0.117859
v -0.096169 1.252349 0.130344
v -0.122450 1.225728 0.077430
v -0.116944 1.232826 0.099659
v -0.142862 1.306500 -0.042172
v -0.129933 1.208548 0.001285
v -0.100233 1.205828 -0.039578
v -0.082797 1.206773 -0.051911
v -0.062225 1.207677 -0.058649
v -0.098348 1.217076 0.119488
v -0.116952 1.203018 0.079285
v -0.129393 1.191771 0.028243
v -0.112282 1.252454 0.114160
v -0.098170 1.261088 0.125666
v -0.080020 1.267005 0.130745
v -0.057582 1.270495 0.132497
v -0.052936 1.248009 0.138719
v -0.074217 1.244181 0.138181
v -0.092517 1.240195 0.133069
v -0.105133 1.232151 0.120681
v -0.025780 1.367892 0.081512
v -0.028241 1.351722 0.092143
v -0.030730 1.320855 0.109604
v -0.029627 1.336440 0.101442
v -0.031247 1.294959 0.122048
v -0.018266 1.213536 0.135880
v -0.031074 1.306862 0.116689
v -0.015636 1.075774 0.134964
v -0.014639 1.115184 0.136778
v -0.015347 1.186749 0.135083
v -0.014455 1.152417 0.135856
v -0.018292 1.033317 0.133566
v -0.024081 1.233994 0.135563
v -0.030405 1.263475 0.133644
v -0.016884 1.349743 -0.064331
v -0.031055 1.273445 0.130418
v -0.028677 1.249753 0.135515
v -0.016921 1.367894 -0.060538
v -0.017958 1.331762 -0.067879
v -0.018133 1.313109 -0.070403
v -0.017184 1.294258 -0.071375
v -0.015661 1.275834 -0.071358
v -0.015103 1.259171 -0.069854
v -0.015002 1.245113 -0.067190
v -0.014422 1.220737 -0.060443
v -0.013601 1.209622 -0.056697
v -0.013009 1.198207 -0.053350
v -0.012391 1.185155 -0.050105
v -0.011099 1.170060 -0.046552
v -0.009732 1.151890 -0.042241
v -0.010066 1.128986 -0.037177
v -0.010703 1.100741 -0.032953
v -0.011991 1.065863 -0.031597
v -0.013148 1.033464 -0.039692
v -0.013954 1.009716 -0.048972
v -0.012551 0.987203 -0.058543
v -0.011920 0.956078 -0.067504
v -0.008865 0.919643 -0.074818
v -0.006282 0.878982 -0.072931
v -0.003831 0.845304 -0.055300
v -0.001755 0.829715 -0.034864
v 0.000210 0.818637 -0.020790
v -0.002686 0.810355 -0.005980
v -0.004153 0.805558 0.016407
v -0.004842 0.800835 0.040235
v -0.008758 0.804390 0.065804
v -0.010349 0.811439 0.080991
v -0.017541 0.829644 0.100310
v -0.019876 0.851353 0.111399
v -0.021022 0.884766 0.122385
v -0.019885 0.921730 0.127709
v -0.017993 0.958504 0.131118
v -0.017543 0.996018 0.133293
v -0.135306 1.242017 0.050006
v -0.139462 1.237826 0.026713
v -0.136744 1.232255 0.002592
v -0.108903 1.227898 -0.041825
v -0.091072 1.230076 -0.056033
v -0.069735 1.232391 -0.064481
v -0.048419 1.232835 -0.066846
v -0.029759 1.232402 -0.064444
v -0.058316 1.279889 0.128908
v -0.081520 1.275324 0.126990
v -0.099354 1.269563 0.121371
v -0.113882 1.261141 0.110708
v -0.129136 1.245614 0.071931
v -0.121752 1.251402 0.093167
v -0.125299 1.227445 -0.023111
v -0.031003 1.283530 0.126878
v -0.014858 1.232441 -0.063903
v -0.035919 1.393571 -0.055698
v -0.057687 1.407175 -0.049705
v -0.079488 1.432270 -0.011769
v -0.073502 1.421963 -0.033676
v -0.016208 1.388468 -0.055753
v -0.063397 1.415566 0.041929
v -0.069432 1.422338 0.031364
v -0.074271 1.429573 0.019578
v -0.077452 1.433368 0.006917
v 0.130023 1.346701 0.080394
v 0.122790 1.328351 0.089020
v 0.118846 1.312259 0.094755
v 0.116305 1.297313 0.099121
v 0.137927 1.390353 0.053747
v 0.110830 1.358260 0.079304
v 0.106393 1.338660 0.091212
v 0.103932 1.320616 0.099740
v 0.102101 1.304563 0.106426
v 0.110190 1.396713 0.050557
v 0.119343 1.404478 0.037647
v 0.089585 1.365674 0.077305
v 0.087422 1.347212 0.091228
v 0.085132 1.328421 0.101849
v 0.083905 1.312226 0.110176
v 0.090213 1.401604 0.046803
v 0.098002 1.409281 0.033818
v 0.059963 1.370279 0.078247
v 0.059938 1.351549 0.091770
v 0.059309 1.333645 0.102335
v 0.059417 1.317197 0.111383
v 0.140349 1.245094 0.002804
v 0.113156 1.240274 -0.043845
v 0.095537 1.243076 -0.058648
v 0.073456 1.245854 -0.067836
v 0.123985 0.918216 -0.051357
v 0.149754 1.330259 0.078457
v 0.140388 1.313677 0.081772
v 0.128417 0.879522 -0.053308
v 0.133477 1.299758 0.085700
v 0.129161 1.287709 0.087761
v 0.177484 1.282595 0.056997
v 0.160810 1.284449 0.055242
v 0.150066 1.278757 0.053354
v 0.144482 1.268962 0.051006
v 0.051361 1.246453 -0.070067
v 0.031131 1.245408 -0.067633
v 0.000000 1.245529 -0.067373
v 0.000000 1.322512 0.107008
v 0.000000 1.337589 0.099849
v 0.000000 1.351394 0.091748
v 0.098822 1.402632 -0.044567
v 0.105496 1.419041 -0.015770
v 0.103017 1.420977 0.006633
v 0.100771 1.415644 0.020249
v 0.046807 1.231203 0.138702
v 0.116577 1.391584 -0.043888
v 0.124425 1.410090 -0.017433
v 0.124241 1.413386 0.004420
v 0.122572 1.409725 0.022979
v 0.124005 1.357116 -0.055366
v 0.108221 1.292699 -0.065246
v 0.104276 1.274260 -0.063187
v 0.102568 1.364094 -0.062903
v 0.085884 1.297121 -0.075974
v 0.081764 1.277589 -0.073756
v 0.076733 1.369528 -0.065872
v 0.061418 1.296973 -0.076887
v 0.058056 1.278507 -0.074568
v 0.042673 1.354431 -0.066157
v 0.038443 1.295763 -0.073358
v 0.034948 1.277129 -0.072601
v 0.000000 1.349988 -0.066320
v 0.000000 1.293594 -0.071703
v 0.000000 1.275657 -0.071429
v 0.136263 1.380497 -0.040045
v 0.042657 1.208692 -0.059717
v 0.141953 1.347337 -0.048828
v 0.146382 1.271914 0.002056
v 0.142993 1.265264 0.003540
v 0.155894 1.332939 -0.044239
v 0.026955 1.208831 -0.057772
v 0.152552 1.275564 -0.005433
v 0.150468 1.274370 0.032951
v 0.146314 1.266270 0.031285
v 0.161581 1.264029 0.001126
v 0.167347 1.267619 0.037682
v 0.172716 1.251737 -0.000270
v 0.177854 1.253950 0.033079
v 0.190106 1.233829 -0.002150
v 0.192985 1.235247 0.028435
v 0.159376 1.274825 0.034804
v 0.168296 1.311147 -0.039669
v 0.155104 1.298878 0.069684
v 0.167352 1.307773 0.069908
v 0.139858 1.275103 0.069441
v 0.146591 1.287559 0.070952
v 0.122389 1.271382 -0.047381
v 0.125804 1.286226 -0.050016
v 0.133552 0.838207 -0.048632
v 0.135787 0.801577 -0.039066
v 0.112784 0.984476 -0.038130
v 0.000000 1.221671 -0.061252
v 0.028434 1.220465 -0.061211
v 0.045757 1.220514 -0.063528
v 0.066167 1.219929 -0.061635
v 0.086860 1.218183 -0.053864
v 0.104553 1.216541 -0.040512
v 0.132714 1.219284 0.000512
v 0.136771 1.226614 0.026897
v 0.132258 1.231473 0.051408
v 0.119675 1.241608 0.096319
v 0.125729 1.235014 0.074445
v 0.083573 1.296273 0.117387
v 0.059505 1.302527 0.119067
v 0.000000 1.308648 0.113475
v 0.000000 1.214753 0.135257
v 0.037789 1.209980 0.135978
v 0.057135 1.205894 0.132510
v 0.074400 1.202948 0.125735
v 0.087504 1.198006 0.115956
v 0.101691 1.192695 0.100400
v 0.113096 1.222891 0.101600
v 0.125710 1.275391 0.089424
v 0.115126 1.283676 0.103377
v 0.101437 1.289480 0.113104
v 0.082558 1.414346 0.030308
v 0.046313 1.384502 0.070191
v 0.075243 1.407445 0.042796
v 0.000000 1.296678 0.118257
v 0.058786 1.290370 0.124410
v 0.082576 1.284611 0.122561
v 0.106585 1.011490 -0.028460
v 0.100441 1.278899 0.117449
v 0.115196 1.271246 0.107206
v 0.131950 1.256412 0.070936
v 0.119108 0.952879 -0.046711
v 0.123834 1.263225 0.090957
v 0.108281 1.182704 -0.021424
v 0.138360 1.251776 0.049780
v 0.117530 1.205295 -0.021938
v 0.096356 1.152271 -0.021531
v 0.141896 1.248372 0.027181
v 0.090236 1.130755 -0.019671
v 0.076877 1.387384 0.062824
v 0.097455 1.382594 0.064237
v 0.120591 1.375426 0.068249
v 0.143859 1.363498 0.070870
v 0.111117 1.312309 -0.066508
v 0.089430 1.317249 -0.075827
v 0.065526 1.317302 -0.076942
v 0.040975 1.314794 -0.072861
v 0.000000 1.311888 -0.071802
v 0.086529 1.102820 -0.015296
v 0.129734 1.239731 -0.023964
v 0.133769 1.253443 -0.025366
v 0.113291 1.194334 -0.021618
v 0.128663 1.302075 -0.052208
v 0.102865 1.169235 -0.021403
v 0.090285 1.067555 -0.014983
v 0.099130 1.037519 -0.020481
v 0.141064 1.288775 -0.032386
v 0.137961 1.278464 -0.028823
v 0.136245 1.267157 -0.027425
v 0.121018 1.216094 -0.022582
v 0.000000 1.330580 -0.069512
v 0.042640 1.334882 -0.070480
v 0.070273 1.339843 -0.074365
v 0.094146 1.338866 -0.072312
v 0.115564 1.333426 -0.064297
v 0.132444 1.323308 -0.054294
v 0.168322 1.275492 -0.027558
v 0.180860 1.260491 -0.026477
v 0.199144 1.240749 -0.025345
v 0.156646 1.290365 -0.031920
v 0.141334 1.260443 0.050134
v 0.099934 1.257923 -0.060941
v 0.077581 1.260813 -0.070674
v 0.054512 1.261517 -0.072541
v 0.032684 1.260122 -0.070607
v 0.000000 1.259262 -0.070046
v 0.142600 1.256695 0.002987
v 0.143984 1.258149 0.028688
v 0.118036 1.254661 -0.045386
v 0.127807 1.210521 0.054628
v 0.079132 1.195618 -0.049371
v 0.059363 1.196701 -0.055449
v 0.040446 1.197222 -0.055600
v 0.025515 1.197243 -0.053968
v 0.126853 1.197432 0.000897
v 0.132192 1.205087 0.028798
v 0.096642 1.194865 -0.037794
v 0.124188 1.184012 0.053700
v 0.072013 1.169639 -0.042449
v 0.054183 1.170392 -0.046440
v 0.037330 1.170417 -0.046612
v 0.022769 1.170067 -0.046524
v 0.000000 1.170195 -0.046667
v 0.117215 1.171020 -0.002327
v 0.126462 1.176330 0.025078
v 0.088196 1.169239 -0.034069
v 0.122691 1.166483 0.051314
v 0.067346 1.152131 -0.037998
v 0.051389 1.152542 -0.041059
v 0.035750 1.152122 -0.042018
v 0.021620 1.151703 -0.042765
v 0.110664 1.153778 -0.004922
v 0.121727 1.159158 0.019743
v 0.082406 1.151808 -0.031717
v 0.121541 1.145876 0.049321
v 0.062826 1.130161 -0.032980
v 0.048819 1.129427 -0.036012
v 0.034681 1.128612 -0.037468
v 0.021571 1.128347 -0.038254
v 0.104994 1.132136 -0.005583
v 0.117916 1.138470 0.017406
v 0.076197 1.130423 -0.027984
v 0.119823 1.111504 0.048520
v 0.060271 1.102193 -0.028094
v 0.048253 1.101023 -0.031153
v 0.034843 1.100401 -0.032807
v 0.021724 1.100232 -0.033241
v 0.100067 1.102889 -0.003426
v 0.114638 1.107619 0.018057
v 0.073208 1.103038 -0.023066
v 0.119700 1.074601 0.049456
v 0.045283 1.076909 0.128501
v 0.000000 1.075313 0.134625
v 0.116622 1.074121 0.021414
v 0.076528 1.066332 -0.022929
v 0.029667 1.076635 0.133618
v 0.134773 1.265982 0.070003
v 0.119335 1.214739 0.079286
v 0.113112 1.170014 0.077720
v 0.114832 1.188625 0.079492
v 0.067922 1.180316 0.123833
v 0.083004 1.178218 0.114329
v 0.100262 1.074896 0.094328
v 0.000000 1.114224 0.136860
v 0.000000 1.152092 0.136124
v 0.028972 1.115879 0.135735
v 0.063930 1.152611 0.123603
v 0.080841 1.152585 0.113038
v 0.098049 1.116032 0.095008
v 0.045865 1.116120 0.131297
v 0.000000 1.187764 0.135106
v 0.063194 1.117410 0.123331
v 0.081135 1.118278 0.111462
v 0.097479 1.149732 0.096547
v 0.051295 1.181709 0.130265
v 0.028708 1.152606 0.134923
v 0.062958 1.076633 0.120199
v 0.083206 1.076084 0.108999
v 0.099048 1.174413 0.099057
v 0.046727 1.151661 0.131235
v 0.031650 1.184521 0.134416
v 0.112408 1.147426 0.074640
v 0.112464 1.113608 0.073297
v 0.112669 1.074232 0.073992
v 0.104711 1.069353 -0.001286
v 0.000000 1.033838 0.131555
v 0.000000 0.995146 0.133247
v 0.125715 1.045070 0.052163
v 0.124562 1.045290 0.022085
v 0.047692 1.036632 0.127449
v 0.033012 1.035700 0.132564
v 0.105905 1.039681 0.098039
v 0.067026 1.036371 0.119474
v 0.087631 1.037732 0.109625
v 0.118797 1.042739 0.079403
v 0.023788 1.065298 -0.032470
v 0.063052 1.065366 -0.027813
v 0.050100 1.064992 -0.030866
v 0.037105 1.065081 -0.032354
v 0.111965 1.009149 0.103259
v 0.033566 0.998894 0.131848
v 0.050420 1.000673 0.127722
v 0.134595 1.017798 0.020703
v 0.134881 1.018685 0.053547
v 0.126978 1.014898 0.083896
v 0.092841 1.005325 0.114220
v 0.071121 1.002201 0.121741
v 0.115600 1.041150 -0.003346
v 0.125117 1.014666 -0.007417
v 0.068122 1.035068 -0.034546
v 0.055273 1.035018 -0.037282
v 0.041615 1.034831 -0.039037
v 0.026852 1.034093 -0.039971
v 0.072352 1.010524 -0.044840
v 0.058783 1.010914 -0.047101
v 0.045175 1.010783 -0.048304
v 0.029636 1.010308 -0.049100
v 0.000000 1.008763 -0.048816
v 0.076641 0.985092 -0.056498
v 0.061951 0.986239 -0.059283
v 0.047452 0.986878 -0.060086
v 0.030961 0.987337 -0.059691
v 0.082397 1.035583 -0.029762
v 0.087712 1.010210 -0.039804
v 0.078745 0.955395 -0.070413
v 0.063124 0.956734 -0.073064
v 0.048302 0.958103 -0.073439
v 0.031216 0.958261 -0.071636
v 0.000000 0.954744 -0.064039
v 0.138368 0.954145 -0.017330
v 0.098348 0.953714 -0.062352
v 0.078848 0.919211 -0.081470
v 0.060572 0.920329 -0.085136
v 0.045665 0.921194 -0.085611
v 0.028163 0.921484 -0.083492
v 0.144381 0.918193 -0.018683
v 0.099713 0.918159 -0.071971
v 0.077932 0.877206 -0.083799
v 0.057450 0.877329 -0.086952
v 0.040301 0.878213 -0.086216
v 0.022458 0.879442 -0.082419
v 0.152150 0.879682 -0.019873
v 0.101688 0.878044 -0.073797
v 0.078581 0.833876 -0.071391
v 0.055879 0.833260 -0.071932
v 0.035392 0.836596 -0.070211
v 0.017875 0.841884 -0.065266
v 0.157652 0.841364 -0.018664
v 0.080183 0.798818 -0.051944
v 0.052910 0.796530 -0.042496
v 0.031040 0.810478 -0.043957
v 0.015689 0.820428 -0.041590
v 0.105206 0.835600 -0.065360
v 0.159229 0.806075 -0.013705
v 0.011483 0.813043 -0.020091
v 0.107581 0.799177 -0.050897
v 0.152137 0.955693 0.016159
v 0.155330 0.956101 0.055017
v 0.141145 0.950118 0.091403
v 0.157583 0.918522 0.018201
v 0.161891 0.917652 0.059061
v 0.146547 0.912381 0.093060
v 0.162150 0.880455 0.021594
v 0.165733 0.882692 0.062143
v 0.150798 0.879112 0.094271
v 0.168031 0.844624 0.023425
v 0.170546 0.849212 0.063962
v 0.155819 0.850031 0.096582
v 0.173016 0.812353 0.025479
v 0.174317 0.818198 0.064604
v 0.087509 0.803605 0.122575
v 0.117977 0.940941 0.111216
v 0.037385 0.925178 0.126288
v 0.054798 0.929073 0.123797
v 0.097708 0.935736 0.117973
v 0.076164 0.931746 0.121141
v 0.120926 0.905286 0.110960
v 0.039988 0.887614 0.119947
v 0.057820 0.891540 0.117030
v 0.098381 0.899551 0.115857
v 0.078336 0.894433 0.116833
v 0.125349 0.873276 0.112156
v 0.035840 0.853178 0.109462
v 0.055814 0.852976 0.110387
v 0.101656 0.867484 0.116926
v 0.079066 0.859907 0.115393
v 0.030726 0.829278 0.099135
v 0.130408 0.845161 0.115666
v 0.054032 0.817799 0.105785
v 0.107037 0.838661 0.121739
v 0.082122 0.829360 0.117030
v 0.095992 0.973309 0.117147
v 0.073983 0.968663 0.122464
v 0.035079 0.961632 0.130177
v 0.115460 0.978302 0.107428
v 0.052550 0.965143 0.127161
v 0.021266 0.811380 0.086140
v 0.012410 0.803721 0.067584
v 0.007114 0.803776 0.017213
v 0.007493 0.807728 -0.004503
v 0.093171 0.984104 -0.050893
v 0.132026 0.986492 -0.013288
v 0.144756 0.988905 0.017134
v 0.135179 0.985648 0.086748
v 0.146162 0.990304 0.053366
v 0.113153 0.812779 0.126463
v 0.062380 0.792413 0.109473
v 0.135979 0.818351 0.119223
v 0.160245 0.820836 0.099572
v 0.034596 0.799728 0.088579
v 0.021310 0.790920 0.069088
v 0.019892 0.790263 -0.001148
v 0.025721 0.798040 -0.018872
v 0.007564 0.799017 0.044612
v 0.000000 1.234600 0.133616
v 0.064283 1.394964 0.058531
v 0.000000 1.369410 -0.062430
v 0.039663 1.372529 -0.061633
v 0.065372 1.388939 -0.059238
v 0.087333 1.421478 0.018651
v 0.090763 1.426421 0.006481
v 0.092667 1.424647 -0.016095
v 0.085984 1.411795 -0.040955
v 0.122309 1.185144 -0.000586
v 0.056615 1.184478 -0.051363
v 0.024008 1.184798 -0.049962
v 0.038893 1.184889 -0.051277
v 0.092563 1.183156 -0.035997
v 0.126022 1.198557 0.054859
v 0.000000 1.264566 0.128311
v 0.056133 1.260861 0.135657
v 0.078120 1.257910 0.134104
v 0.067349 1.227149 0.137623
v 0.085022 1.222728 0.131460
v 0.076051 1.183698 -0.046123
v 0.129887 1.221442 0.053021
v 0.134569 1.216056 0.028083
v 0.107163 1.209765 0.100640
v 0.109401 1.243811 0.117859
v 0.096169 1.252349 0.130344
v 0.122450 1.225728 0.077430
v 0.116944 1.232826 0.099659
v 0.142862 1.306500 -0.042172
v 0.129933 1.208548 0.001285
v 0.100233 1.205828 -0.039578
v 0.082797 1.206773 -0.051911
v 0.062225 1.207677 -0.058649
v 0.098348 1.217076 0.119488
v 0.116952 1.203018 0.079285
v 0.129393 1.191771 0.028243
v 0.112282 1.252454 0.114160
v 0.098170 1.261088 0.125666
v 0.080020 1.267005 0.130745
v 0.057582 1.270495 0.132497
v 0.000000 1.274734 0.125639
v 0.000000 1.250539 0.131149
v 0.052936 1.248009 0.138719
v 0.074217 1.244181 0.138181
v 0.092517 1.240195 0.133069
v 0.105133 1.232151 0.120681
v 0.025780 1.367892 0.081512
v 0.028241 1.351722 0.092143
v 0.030730 1.320855 0.109604
v 0.029627 1.336440 0.101442
v 0.031247 1.294959 0.122048
v 0.018266 1.213536 0.135880
v 0.031074 1.306862 0.116689
v 0.015636 1.075774 0.134964
v 0.014639 1.115184 0.136778
v 0.015347 1.186749 0.135083
v 0.014455 1.152417 0.135856
v 0.018292 1.033317 0.133566
v 0.024081 1.233994 0.135563
v 0.030405 1.263475 0.133644
v 0.016884 1.349743 -0.064331
v 0.031055 1.273445 0.130418
v 0.028677 1.249753 0.135515
v 0.016921 1.367894 -0.060538
v 0.017958 1.331762 -0.067879
v 0.018133 1.313109 -0.070403
v 0.017184 1.294258 -0.071375
v 0.015661 1.275834 -0.071358
v 0.015103 1.259171 -0.069854
v 0.015002 1.245113 -0.067190
v 0.014422 1.220737 -0.060443
v 0.013601 1.209622 -0.056697
v 0.013009 1.198207 -0.053350
v 0.012391 1.185155 -0.050105
v 0.011099 1.170060 -0.046552
v 0.009732 1.151890 -0.042241
v 0.010066 1.128986 -0.037177
v 0.010703 1.100741 -0.032953
v 0.011991 1.065863 -0.031597
v 0.013148 1.033464 -0.039692
v 0.013954 1.009716 -0.048972
v 0.012551 0.987203 -0.058543
v 0.011920 0.956078 -0.067504
v 0.008865 0.919643 -0.074818
v 0.006282 0.878982 -0.072931
v 0.003831 0.845304 -0.055300
v 0.001755 0.829715 -0.034864
v -0.000210 0.818637 -0.020790
v 0.002686 0.810355 -0.005980
v 0.004153 0.805558 0.016407
v 0.004842 0.800835 0.040235
v 0.008758 0.804390 0.065804
v 0.010349 0.811439 0.080991
v 0.017541 0.829644 0.100310
v 0.019876 0.851353 0.111399
v 0.021022 0.884766 0.122385
v 0.019885 0.921730 0.127709
v 0.017993 0.958504 0.131118
v 0.017543 0.996018 0.133293
v 0.135306 1.242017 0.050006
v 0.139462 1.237826 0.026713
v 0.136744 1.232255 0.002592
v 0.108903 1.227898 -0.041825
v 0.091072 1.230076 -0.056033
v 0.069735 1.232391 -0.064481
v 0.048419 1.232835 -0.066846
v 0.029759 1.232402 -0.064444
v 0.000000 1.233172 -0.064624
v 0.000000 1.285557 0.122489
v 0.058316 1.279889 0.128908
v 0.081520 1.275324 0.126990
v 0.099354 1.269563 0.121371
v 0.113882 1.261141 0.110708
v 0.129136 1.245614 0.071931
v 0.121752 1.251402 0.093167
v 0.125299 1.227445 -0.023111
v 0.031003 1.283530 0.126878
v 0.014858 1.232441 -0.063903
v 0.035919 1.393571 -0.055698
v 0.057687 1.407175 -0.049705
v 0.079488 1.432270 -0.011769
v 0.073502 1.421963 -0.033676
v 0.016208 1.388468 -0.055753
v 0.063397 1.415566 0.041929
v 0.069432 1.422338 0.031364
v 0.074271 1.429573 0.019578
v 0.077452 1.433368 0.006917
v 0.000000 1.199877 -0.054102
v 0.000000 1.152077 -0.042052
v 0.000000 1.128726 -0.036828
v 0.000000 1.100704 -0.032059
v 0.000000 1.065508 -0.030662
v 0.000000 1.032737 -0.038907
v 0.000000 0.985834 -0.057494
v 0.000000 0.917845 -0.067700
v 0.000000 0.878835 -0.064929
v 0.000000 0.844293 -0.047719
v 0.000000 0.828061 -0.031467
v 0.000000 0.817368 -0.018283
v 0.000000 0.919384 0.128242
v 0.000000 0.882898 0.123327
v 0.000000 0.849876 0.111879
v 0.000000 0.828186 0.099685
v 0.000000 0.956868 0.131224
v 0.000000 0.812368 0.084692
v 0.000000 0.804299 0.065203
v 0.000000 0.805335 0.016260
v 0.000000 0.810712 -0.003756
v 0.000000 0.801358 0.040476
v 0.000000 1.211053 -0.057634
v 0.000000 1.186128 -0.050694
v -0.019925 0.790000 -0.001148
v -0.081732 0.790000 -0.050001
v 0.019560 0.790000 0.000239
v 0.013394 0.790000 0.044365
v 0.109349 0.790000 -0.048401
v -0.044557 0.790000 -0.033370
v -0.117223 0.790000 0.128173
v -0.053880 0.790000 -0.041358
v 0.019925 0.790000 -0.001148
v 0.081732 0.790000 -0.050001
v -0.057609 0.790000 0.105077
v -0.013332 0.790000 0.018960
v -0.062832 0.790000 0.109848
v 0.044557 0.790000 -0.033370
v 0.117223 0.790000 0.128173
v 0.053880 0.790000 -0.041358
v -0.139398 0.790000 0.120920
v 0.057609 0.790000 0.105077
v 0.013332 0.790000 0.018960
v 0.062832 0.790000 0.109848
v -0.176392 0.790000 0.027623
v -0.162102 0.790000 0.101165
v 0.139398 0.790000 0.120920
v -0.037722 0.790000 0.088968
v -0.028670 0.790000 -0.019331
v -0.176602 0.790000 0.066381
v -0.160955 0.790000 -0.010843
v -0.136950 0.790000 -0.036212
v 0.176392 0.790000 0.027623
v 0.162102 0.790000 0.101165
v 0.136950 0.790000 -0.036212
v -0.021565 0.790000 0.069020
v -0.020095 0.790000 0.063813
v -0.089706 0.790000 0.124534
v 0.037722 0.790000 0.088968
v 0.028670 0.790000 -0.019331
v 0.176602 0.790000 0.066381
v 0.160955 0.790000 -0.010843
v -0.019560 0.790000 0.000239
v -0.013394 0.790000 0.044365
v -0.109349 0.790000 -0.048401
v 0.021565 0.790000 0.069020
v 0.020095 0.790000 0.063813
v 0.089706 0.790000 0.124534
v 0.205000 1.216899 -0.001786
v 0.205000 1.221507 0.027806
v 0.045000 1.217626 -0.062597
v 0.045000 1.208570 -0.059589
v 0.045000 1.170406 -0.046534
v 0.045000 1.151752 0.131589
v 0.045000 1.076904 0.128593
v 0.045000 1.010777 -0.048313
v 0.045000 1.296108 -0.074365
v 0.045000 1.260909 -0.071698
v 0.045000 1.197096 -0.055564
v 0.045000 1.281664 0.127918
v 0.045000 1.152370 -0.041451
v 0.045000 1.129207 -0.036406
v 0.045000 1.100872 -0.031554
v 0.045000 1.000101 0.129049
v 0.045000 0.926882 0.125198
v 0.045000 0.809401 0.097789
v 0.045000 1.277728 -0.073457
v 0.045000 1.246125 -0.069301
v 0.045000 1.304739 0.117854
v 0.045000 0.801575 -0.043024
v 0.045000 1.271895 0.131511
v 0.045000 0.915867 -0.085686
v 0.045000 0.921205 -0.085530
v 0.045000 1.034877 -0.038602
v 0.045000 0.958134 -0.073091
v 0.045000 0.853085 0.109886
v 0.045000 1.335305 -0.070812
v 0.045000 1.315205 -0.073530
v 0.045000 1.261992 0.134786
v 0.045000 1.369234 0.079676
v 0.045000 1.399246 -0.053198
v 0.045000 1.208457 0.134685
v 0.045000 1.011964 -0.047849
v 0.045000 1.226950 0.138156
v 0.045000 1.231425 0.138453
v 0.045000 1.351630 0.091946
v 0.045000 1.334993 0.101904
v 0.045000 1.292667 0.123228
v 0.045000 1.184747 -0.051307
v 0.045000 0.835031 -0.071018
v 0.045000 0.986946 -0.060027
v 0.045000 1.232755 -0.066406
v 0.045000 1.248580 0.137671
v 0.045000 1.319035 0.110489
v 0.045000 1.065027 -0.031450
v 0.045000 1.116108 0.131525
v 0.045000 1.036461 0.128387
v 0.045000 0.888717 0.119127
v 0.045000 1.375935 -0.061136
v 0.045000 1.220512 -0.063427
v 0.045000 0.963626 0.128464
v 0.045000 1.182610 0.131595
v 0.045000 0.877971 -0.086418
v 0.045000 1.355463 -0.066138
v 0.045000 0.822248 0.103208
v 0.045000 1.384480 0.070313
v 0.045000 0.790347 -0.033854
v 0.045000 0.790000 0.094863
v 0.045000 0.790000 -0.033750
v 0.137190 1.406656 0.022676
v 0.143110 1.391553 -0.027228
v 0.152747 1.366967 -0.038505
v 0.201515 1.242551 -0.026343
v 0.202591 1.239807 0.042218
v 0.181124 1.294572 -0.036555
v 0.190647 1.270277 -0.031391
v 0.182209 1.291804 -0.035828
v 0.183936 1.287398 0.058441
v 0.142223 1.393816 0.047596
v 0.139757 1.400108 0.038978
v 0.162010 1.343337 0.071147
v 0.159491 1.349763 0.070090
v 0.163196 1.340311 -0.041174
v 0.153645 1.364678 -0.038929
v 0.152220 1.368313 0.065328
v 0.144866 1.387074 0.054208
v 0.138470 1.403392 -0.018145
v 0.192374 1.265871 0.053385
v 0.173138 1.314947 -0.038512
v 0.193271 1.263584 0.052087
v 0.136096 1.409447 0.003697
v 0.173655 1.313627 0.068553
v 0.204175 1.235766 -0.024828
v 0.205000 1.233660 0.038975
v 0.205000 1.233661 -0.023105
v 0.000000 1.356640 0.088584
v -0.066965 1.315665 0.111010
v -0.109927 1.378534 -0.052915
v -0.083808 1.307537 0.112295
v 0.017970 1.368219 0.081401
v 0.070184 1.410913 0.042426
v 0.079200 1.426518 0.019228
v -0.116738 1.299860 0.098377
v -0.101979 1.301779 0.107658
v 0.024728 1.372438 0.078969
v 0.078949 1.432587 0.006868
v -0.108977 1.301053 0.102890
v -0.051864 1.403536 -0.051308
v -0.173392 1.292764 0.062211
v -0.089200 1.388212 -0.053848
v -0.007913 1.351486 0.091859
v -0.029544 1.337361 0.100881
v -0.148299 1.356749 -0.043455
v -0.129509 1.367615 -0.048486
v -0.155618 1.297578 0.068382
v -0.071661 1.395913 -0.053660
v -0.060445 1.400631 -0.053126
v 0.060194 1.399401 0.056568
v -0.059402 1.319463 0.110136
v -0.031280 1.336285 0.101491
v 0.077716 1.433226 0.004494
v -0.154090 1.297530 0.069835
v 0.075128 1.418870 0.030906
v -0.133144 1.298828 0.085859
v -0.134429 1.298872 0.084629
v 0.042266 1.384433 0.070567
v 0.045389 1.386510 0.069191
v 0.045000 1.386251 0.069362
v -0.117065 1.251798 -0.045079
v -0.122033 1.239984 -0.033200
v -0.086902 1.302899 -0.075932
v -0.017599 1.284407 0.124981
v -0.030509 1.265064 0.133130
v -0.001976 1.308534 0.113680
v -0.126240 1.230053 -0.023292
v 0.027648 1.355620 0.089580
v 0.065098 1.429172 0.031060
v -0.129116 1.218303 -0.006593
v -0.065100 1.222469 0.136498
v -0.130922 1.212366 0.001010
v 0.056944 1.410796 0.048527
v 0.061311 1.419363 0.041722
v 0.067175 1.437163 0.019991
v -0.126631 1.228005 -0.020119
v -0.078595 1.210760 0.127996
v -0.024757 1.273707 0.129449
v -0.024315 1.369401 -0.060894
v -0.130640 1.202861 0.020686
v 0.034781 1.368520 0.080652
v 0.066602 1.442284 0.008393
v -0.130848 1.198693 0.028532
v -0.056294 1.337333 -0.072400
v -0.090157 1.202672 0.116820
v 0.054662 1.405404 0.053911
v -0.091601 1.295989 -0.073228
v -0.104583 1.275695 -0.063347
v -0.074982 1.317281 -0.076501
v -0.102742 1.195975 0.100446
v 0.000000 1.311681 0.112060
v -0.039580 1.353869 -0.065938
v -0.130785 1.209928 0.006210
v -0.042666 1.350737 -0.066974
v -0.016596 1.377262 -0.058359
v 0.006953 1.322137 0.107595
v -0.067361 1.326016 -0.075945
v -0.105453 1.274073 -0.062160
v -0.127554 1.195473 0.042762
v -0.125246 1.192400 0.054369
v -0.115278 1.191649 0.079448
v 0.016576 1.336946 0.100740
v -0.115342 1.255147 -0.047701
v -0.042514 1.248758 0.137343
v -0.031704 1.263343 0.133745
v -0.059109 1.228775 0.138056
v -0.049812 1.239443 0.138711
v -0.010018 1.296126 0.119473
v 0.025391 1.351689 0.092103
v 0.045287 1.386732 0.069080
v 0.043931 1.384461 0.070413
v -0.156271 1.332277 -0.044100
v -0.155657 1.332458 -0.044202
v -0.082446 1.404634 0.044724
v -0.137368 1.335750 -0.051464
v -0.090727 1.402110 0.045946
v -0.054681 1.359754 -0.066057
v -0.072556 1.350334 -0.071363
v -0.110364 1.396860 0.050312
v 0.008672 1.388633 -0.056261
v -0.136595 1.389206 0.054862
v -0.113849 1.395874 0.050978
v 0.035097 1.400416 -0.052699
v -0.074774 1.406911 0.043469
v -0.117130 1.337823 -0.062639
v -0.060255 1.413243 0.045142
v 0.056396 1.411265 -0.047127
v -0.040662 1.366521 -0.063134
v 0.000000 1.384426 -0.058110
v -0.016566 1.378131 -0.058157
v -0.095148 1.341867 -0.071193
v 0.045000 1.405690 -0.049649
v 0.073965 1.436821 -0.009315
v 0.071609 1.424503 -0.032167
v 0.073267 1.437355 -0.007719
v -0.031619 1.370889 -0.061245
v 0.016032 1.392341 -0.054416
v -0.015377 1.378592 -0.058135
v 0.066435 1.442456 0.007655
v -0.205000 1.216899 -0.001786
v -0.205000 1.221507 0.027806
v -0.045000 1.217626 -0.062597
v -0.045000 1.208570 -0.059589
v -0.045000 1.292667 0.123228
v -0.045000 1.170406 -0.046534
v -0.045000 1.152370 -0.041451
v -0.045000 1.129207 -0.036406
v -0.045000 1.100872 -0.031554
v -0.045000 0.926882 0.125198
v -0.045000 0.809401 0.097789
v -0.045000 1.246125 -0.069301
v -0.045000 1.304739 0.117854
v -0.045000 1.197096 -0.055564
v -0.045000 1.281664 0.127918
v -0.045000 1.208457 0.134685
v -0.045000 0.801575 -0.043024
v -0.045000 1.010777 -0.048313
v -0.045000 1.260909 -0.071698
v -0.045000 0.915867 -0.085686
v -0.045000 0.921205 -0.085530
v -0.045000 1.184747 -0.051307
v -0.045000 1.182610 0.131595
v -0.045000 1.116108 0.131525
v -0.045000 1.000101 0.129049
v -0.045000 0.853085 0.109886
v -0.045000 1.355463 -0.066138
v -0.045000 1.151752 0.131589
v -0.045000 0.958134 -0.073091
v -0.045000 1.375935 -0.061136
v -0.045000 1.296108 -0.074365
v -0.045000 1.369234 0.079676
v -0.045000 1.384480 0.070313
v -0.045000 1.034877 -0.038602
v -0.045000 0.835031 -0.071018
v -0.045000 1.277728 -0.073457
v -0.045000 1.351630 0.091946
v -0.045000 1.011964 -0.047849
v -0.045000 0.986946 -0.060027
v -0.045000 0.888717 0.119127
v -0.045000 1.220512 -0.063427
v -0.045000 0.963626 0.128464
v -0.045000 1.319035 0.110489
v -0.045000 0.877971 -0.086418
v -0.045000 1.315205 -0.073530
v -0.045000 1.271895 0.131511
v -0.045000 0.822248 0.103208
v -0.045000 1.065027 -0.031450
v -0.045000 1.076904 0.128593
v -0.045000 1.036461 0.128387
v -0.045000 1.232755 -0.066406
v -0.045000 1.226950 0.138156
v -0.045000 1.231425 0.138453
v -0.045000 0.790347 -0.033854
v -0.045000 0.790000 0.094863
v -0.045000 0.790000 -0.033750
v -0.045000 1.399246 -0.053198
v -0.045000 1.334993 0.101904
v -0.045000 1.328078 0.105709
v -0.045000 1.335305 -0.070812
v -0.045000 1.248579 0.137671
v -0.045000 1.261992 0.134786
v -0.045000 1.245586 0.137809
v -0.045000 1.348441 -0.067903
v -0.045000 1.364427 -0.064039
v -0.143110 1.391553 -0.027228
v -0.152747 1.366967 -0.038505
v -0.201515 1.242551 -0.026343
v -0.138470 1.403392 -0.018145
v -0.202591 1.239807 0.042218
v -0.181124 1.294572 -0.036555
v -0.190647 1.270277 -0.031391
v -0.182209 1.291804 -0.035828
v -0.136096 1.409447 0.003697
v -0.137190 1.406656 0.022676
v -0.142223 1.393816 0.047596
v -0.139757 1.400108 0.038978
v -0.162010 1.343337 0.071147
v -0.163196 1.340311 -0.041174
v -0.152220 1.368313 0.065328
v -0.144866 1.387074 0.054208
v -0.192374 1.265871 0.053385
v -0.173138 1.314947 -0.038512
v -0.193271 1.263584 0.052087
v -0.173655 1.313627 0.068553
v -0.159491 1.349763 0.070090
v -0.183936 1.287398 0.058441
v -0.153645 1.364678 -0.038929
v -0.159106 1.350745 -0.041053
v -0.183007 1.289769 0.059653
v -0.145322 1.385911 0.054880
v -0.167342 1.329734 -0.040804
v -0.204175 1.235766 -0.024828
v -0.205000 1.233660 0.038975
v -0.205000 1.233661 -0.023105
v 0.066965 1.315665 0.111010
v 0.083808 1.307537 0.112295
v 0.089200 1.388212 -0.053848
v 0.116738 1.299860 0.098377
v 0.129509 1.367615 -0.048486
v 0.101979 1.301779 0.107658
v -0.060194 1.399401 0.056568
v -0.075128 1.418870 0.030906
v 0.108977 1.301053 0.102890
v 0.029544 1.337361 0.100881
v -0.017970 1.368219 0.081401
v -0.024728 1.372438 0.078969
v -0.042266 1.384433 0.070567
v 0.173392 1.292764 0.062211
v 0.051864 1.403536 -0.051308
v -0.070184 1.410913 0.042426
v -0.077716 1.433226 0.004494
v 0.148299 1.356749 -0.043455
v 0.155618 1.297578 0.068382
v -0.079200 1.426518 0.019228
v 0.059402 1.319463 0.110136
v 0.031280 1.336285 0.101491
v 0.109927 1.378534 -0.052915
v -0.078949 1.432587 0.006868
v 0.154090 1.297530 0.069835
v 0.133144 1.298828 0.085859
v 0.134429 1.298872 0.084629
v 0.071661 1.395913 -0.053660
v 0.060445 1.400631 -0.053126
v 0.045000 1.328136 0.105593
v 0.159295 1.350263 -0.040257
v 0.182949 1.289916 0.059411
v 0.007913 1.351486 0.091859
v 0.020417 1.343370 0.096977
v 0.045064 1.405721 -0.049635
v -0.068890 1.409477 0.044147
v -0.045389 1.386510 0.069191
v -0.045000 1.386251 0.069362
v -0.067175 1.437163 0.019991
v 0.117065 1.251798 -0.045079
v 0.122033 1.239984 -0.033200
v 0.102742 1.195975 0.100446
v 0.115278 1.191649 0.079448
v 0.017599 1.284407 0.124981
v -0.066602 1.442284 0.008393
v 0.126631 1.228005 -0.020119
v 0.127554 1.195473 0.042762
v 0.130785 1.209928 0.006210
v -0.054662 1.405404 0.053911
v 0.091601 1.295989 -0.073228
v 0.104583 1.275695 -0.063347
v 0.074982 1.317281 -0.076501
v 0.001976 1.308534 0.113680
v 0.039580 1.353869 -0.065938
v 0.042666 1.350737 -0.066974
v -0.027648 1.355620 0.089580
v -0.034781 1.368520 0.080652
v 0.129116 1.218303 -0.006593
v 0.067361 1.326016 -0.075945
v 0.105453 1.274073 -0.062160
v 0.056294 1.337333 -0.072400
v 0.031704 1.263343 0.133745
v 0.130922 1.212366 0.001010
v 0.024757 1.273707 0.129449
v 0.130640 1.202861 0.020686
v 0.016596 1.377262 -0.058359
v -0.056944 1.410796 0.048527
v -0.061311 1.419363 0.041722
v 0.130848 1.198693 0.028532
v 0.059109 1.228775 0.138056
v 0.049812 1.239443 0.138711
v 0.010018 1.296126 0.119473
v -0.006953 1.322137 0.107595
v 0.065100 1.222469 0.136498
v 0.042514 1.248758 0.137343
v 0.086902 1.302899 -0.075932
v -0.016576 1.336946 0.100740
v 0.125246 1.192400 0.054369
v 0.078595 1.210760 0.127996
v 0.115342 1.255147 -0.047701
v 0.024315 1.369401 -0.060894
v -0.065098 1.429172 0.031060
v 0.090157 1.202672 0.116820
v 0.030509 1.265064 0.133130
v 0.126240 1.230053 -0.023292
v 0.045000 1.245586 0.137807
v 0.045000 1.348380 -0.067780
v -0.025391 1.351689 0.092103
v -0.020417 1.343321 0.097074
v -0.058742 1.414215 0.045941
v 0.006955 1.387800 -0.056627
v -0.045287 1.386732 0.069080
v -0.043931 1.384461 0.070413
v 0.156271 1.332277 -0.044100
v 0.074774 1.406911 0.043469
v 0.155657 1.332458 -0.044202
v 0.082446 1.404634 0.044724
v 0.137368 1.335750 -0.051464
v 0.117130 1.337823 -0.062639
v 0.090727 1.402110 0.045946
v 0.040662 1.366521 -0.063134
v 0.110364 1.396860 0.050312
v -0.056396 1.411265 -0.047127
v 0.136595 1.389206 0.054862
v 0.113849 1.395874 0.050978
v 0.016566 1.378131 -0.058157
v 0.095148 1.341867 -0.071193
v 0.072556 1.350334 -0.071363
v 0.054681 1.359754 -0.066057
v 0.045000 1.364479 -0.063934
v 0.145319 1.385919 0.054893
v 0.167181 1.330144 -0.040107
v -0.035097 1.400416 -0.052699
v 0.068940 1.409479 0.044187
v 0.060255 1.413243 0.045142
v -0.008672 1.388633 -0.056261
v -0.006925 1.387812 -0.056581
v 0.058673 1.414187 0.045833
v -0.045959 1.405692 -0.050372
v -0.045000 1.405226 -0.050577
v -0.073965 1.436821 -0.009315
v -0.071609 1.424503 -0.032167
v -0.073267 1.437355 -0.007719
v 0.031619 1.370889 -0.061245
v -0.016032 1.392341 -0.054416
v 0.015385 1.378586 -0.058142
v -0.066435 1.442456 0.007655
v 0.000000 0.819822 -0.022296
v 0.000000 0.818036 -0.019714
v 0.000000 0.819822 -0.022296
v 0.000000 0.818036 -0.019714
v 0.000000 0.818536 -0.020777
v 0.000000 0.818536 -0.020777
v -0.125139 0.977582 -0.040478
v -0.109073 1.011093 -0.029565
v 0.000000 0.995080 0.142067
v -0.113939 1.009834 0.105729
v -0.034580 0.998411 0.139259
v -0.053383 1.000130 0.133935
v -0.135936 1.019254 0.019726
v -0.135064 1.020153 0.054254
v -0.127119 1.016295 0.085839
v -0.095573 1.005139 0.117820
v -0.074652 1.001762 0.126633
v -0.126524 1.015121 -0.008210
v -0.083408 1.009730 -0.051934
v -0.065879 1.010232 -0.052717
v -0.047520 1.010369 -0.050540
v -0.031047 1.010285 -0.051705
v 0.000000 1.009574 -0.051990
v -0.086705 0.978002 -0.065918
v -0.073715 0.978814 -0.073209
v -0.056170 0.978735 -0.071887
v -0.040231 0.978660 -0.073862
v -0.096170 1.009894 -0.044218
v -0.103000 0.966090 0.126981
v -0.080890 0.962598 0.134103
v -0.037888 0.960123 0.144537
v -0.124565 0.971029 0.115245
v -0.058923 0.960889 0.140229
v -0.102867 0.977729 -0.057982
v -0.144177 0.978815 -0.013487
v -0.156537 0.980080 0.021459
v -0.144560 0.976831 0.094525
v -0.156471 0.980204 0.061135
v -0.014374 1.010010 -0.051998
v -0.019350 0.978628 -0.070509
v -0.019012 0.959581 0.145414
v -0.017914 0.995592 0.140817
v 0.125139 0.977582 -0.040478
v 0.109073 1.011093 -0.029565
v 0.113939 1.009834 0.105729
v 0.034580 0.998411 0.139259
v 0.053383 1.000130 0.133935
v 0.135936 1.019254 0.019726
v 0.135064 1.020153 0.054254
v 0.127119 1.016295 0.085839
v 0.095573 1.005139 0.117820
v 0.074652 1.001762 0.126633
v 0.126524 1.015121 -0.008210
v 0.083408 1.009730 -0.051934
v 0.065879 1.010232 -0.052717
v 0.047520 1.010369 -0.050540
v 0.031047 1.010285 -0.051705
v 0.086705 0.978002 -0.065918
v 0.073715 0.978814 -0.073209
v 0.056170 0.978735 -0.071887
v 0.040231 0.978660 -0.073862
v 0.000000 0.977536 -0.069494
v 0.096170 1.009894 -0.044218
v 0.103000 0.966090 0.126981
v 0.080890 0.962598 0.134103
v 0.037888 0.960123 0.144537
v 0.000000 0.959464 0.146545
v 0.124565 0.971029 0.115245
v 0.058923 0.960889 0.140229
v 0.102867 0.977729 -0.057982
v 0.144177 0.978815 -0.013487
v 0.156537 0.980080 0.021459
v 0.144560 0.976831 0.094525
v 0.156471 0.980204 0.061135
v 0.014374 1.010010 -0.051998
v 0.019350 0.978628 -0.070509
v 0.019012 0.959581 0.145414
v 0.017914 0.995592 0.140817
v -0.133491 0.940947 -0.044148
v -0.091155 0.941661 -0.080963
v -0.075183 0.942106 -0.088380
v -0.058529 0.941579 -0.087296
v -0.043817 0.941090 -0.089108
v -0.107441 0.927337 0.134651
v -0.082012 0.924773 0.134543
v -0.040981 0.923527 0.144170
v -0.126312 0.931301 0.119933
v -0.061636 0.923617 0.140383
v -0.113232 0.941066 -0.069323
v -0.151337 0.941227 -0.013072
v -0.163730 0.941504 0.023747
v -0.150702 0.936412 0.098853
v -0.164961 0.940381 0.064980
v -0.021470 0.940280 -0.079417
v -0.020684 0.923476 0.145432
v 0.133491 0.940947 -0.044148
v 0.091155 0.941661 -0.080963
v 0.075183 0.942106 -0.088380
v 0.058529 0.941579 -0.087296
v 0.043817 0.941090 -0.089108
v 0.000000 0.939369 -0.080404
v 0.107441 0.927337 0.134651
v 0.082012 0.924773 0.134543
v 0.040981 0.923527 0.144170
v 0.000000 0.923450 0.146545
v 0.126312 0.931301 0.119933
v 0.061636 0.923617 0.140383
v 0.113232 0.941066 -0.069323
v 0.151337 0.941227 -0.013072
v 0.163730 0.941504 0.023747
v 0.150702 0.936412 0.098853
v 0.164961 0.940381 0.064980
v 0.021470 0.940280 -0.079417
v 0.020684 0.923476 0.145432
v -0.141504 0.902191 -0.045159
v -0.093980 0.902164 -0.086886
v -0.075159 0.902175 -0.095129
v -0.059913 0.901925 -0.099420
v -0.043120 0.901626 -0.098097
v -0.109294 0.888840 0.134437
v -0.085309 0.886629 0.134890
v -0.045646 0.886639 0.142816
v -0.128315 0.892472 0.120817
v -0.066384 0.885579 0.140440
v -0.119215 0.901793 -0.073081
v -0.157787 0.902651 -0.011628
v -0.168949 0.902656 0.027458
v -0.155369 0.897056 0.101804
v -0.171352 0.900648 0.068918
v -0.023984 0.901316 -0.096968
v -0.023851 0.887532 0.145408
v 0.141504 0.902191 -0.045159
v 0.093980 0.902164 -0.086886
v 0.075159 0.902175 -0.095129
v 0.059913 0.901925 -0.099420
v 0.043120 0.901626 -0.098097
v 0.000000 0.900903 -0.087274
v 0.109294 0.888840 0.134437
v 0.085309 0.886629 0.134890
v 0.045646 0.886639 0.142816
v 0.000000 0.887829 0.146545
v 0.128315 0.892472 0.120817
v 0.066384 0.885579 0.140440
v 0.119215 0.901793 -0.073081
v 0.157787 0.902651 -0.011628
v 0.168949 0.902656 0.027458
v 0.155369 0.897056 0.101804
v 0.171352 0.900648 0.068918
v 0.023984 0.901316 -0.096968
v 0.023851 0.887532 0.145408
v -0.149321 0.857564 -0.045567
v -0.103004 0.857402 -0.087108
v -0.082173 0.857262 -0.095757
v -0.063871 0.857087 -0.101534
v -0.043456 0.856875 -0.099282
v -0.111845 0.855273 0.134188
v -0.088557 0.854752 0.136001
v -0.049733 0.854389 0.141328
v -0.132590 0.856067 0.122241
v -0.069845 0.854462 0.139109
v -0.129188 0.857540 -0.073250
v -0.165572 0.857498 -0.012644
v -0.173528 0.857606 0.029355
v -0.159567 0.856821 0.103146
v -0.175594 0.857240 0.070640
v -0.022432 0.856832 -0.096910
v -0.026589 0.854559 0.145328
v 0.149321 0.857564 -0.045567
v 0.103004 0.857402 -0.087108
v 0.082173 0.857262 -0.095757
v 0.063871 0.857087 -0.101534
v 0.043456 0.856875 -0.099282
v 0.000000 0.856803 -0.087274
v 0.111845 0.855273 0.134188
v 0.088557 0.854752 0.136001
v 0.049733 0.854389 0.141328
v 0.000000 0.854684 0.146545
v 0.132590 0.856067 0.122241
v 0.069845 0.854462 0.139109
v 0.129188 0.857540 -0.073250
v 0.165572 0.857498 -0.012644
v 0.173528 0.857606 0.029355
v 0.159567 0.856821 0.103146
v 0.175594 0.857240 0.070640
v 0.022432 0.856832 -0.096910
v 0.026589 0.854559 0.145328
v -0.158244 0.813530 -0.044121
v -0.114154 0.813788 -0.077441
v -0.096566 0.813600 -0.087899
v -0.077167 0.813488 -0.099429
v -0.051032 0.813408 -0.099701
v -0.118298 0.810042 0.138980
v -0.095320 0.810518 0.143871
v -0.052156 0.810689 0.140377
v -0.143226 0.811096 0.129338
v -0.071496 0.810730 0.138280
v -0.136704 0.814088 -0.066543
v -0.170870 0.813033 -0.012064
v -0.184636 0.813400 0.030094
v -0.169665 0.812440 0.107310
v -0.184531 0.813219 0.072488
v -0.025534 0.813289 -0.097604
v -0.028547 0.810721 0.145236
v 0.158244 0.813530 -0.044121
v 0.114154 0.813788 -0.077441
v 0.096566 0.813600 -0.087899
v 0.077167 0.813488 -0.099429
v 0.051032 0.813408 -0.099701
v 0.000000 0.813268 -0.087274
v 0.118298 0.810042 0.138980
v 0.095320 0.810518 0.143871
v 0.052156 0.810689 0.140377
v 0.000000 0.810776 0.146545
v 0.143226 0.811096 0.129338
v 0.071496 0.810730 0.138280
v 0.136704 0.814088 -0.066543
v 0.170870 0.813033 -0.012064
v 0.184636 0.813400 0.030094
v 0.169665 0.812440 0.107310
v 0.184531 0.813219 0.072488
v 0.025534 0.813289 -0.097604
v 0.028547 0.810721 0.145236
v -0.108380 0.780000 -0.084426
v -0.141340 0.780000 -0.060198
v 0.000000 0.780000 0.146545
v 0.126495 0.780000 -0.074049
v 0.029467 0.780000 -0.099027
v -0.085016 0.780000 -0.093507
v -0.173606 0.780000 -0.009731
v 0.027934 0.780000 0.145268
v 0.108380 0.780000 -0.084426
v 0.148244 0.780000 0.129385
v 0.085016 0.780000 -0.093507
v -0.059386 0.780000 -0.100713
v -0.189693 0.780000 0.030051
v 0.075682 0.780000 0.143059
v 0.059386 0.780000 -0.100713
v -0.125504 0.780000 0.142072
v 0.141340 0.780000 -0.060198
v -0.173170 0.780000 0.106036
v 0.173606 0.780000 -0.009731
v -0.102039 0.780000 0.148383
v -0.187907 0.780000 0.071308
v 0.000000 0.780000 -0.087274
v 0.125504 0.780000 0.142072
v 0.189693 0.780000 0.030051
v -0.052043 0.780000 0.140423
v -0.029467 0.780000 -0.099027
v -0.164577 0.780000 -0.040460
v 0.102039 0.780000 0.148383
v -0.027934 0.780000 0.145268
v 0.173170 0.780000 0.106036
v -0.148244 0.780000 0.129385
v 0.164577 0.780000 -0.040460
v 0.187907 0.780000 0.071308
v 0.052043 0.780000 0.140423
v -0.075682 0.780000 0.143059
v -0.126495 0.780000 -0.074049
vn -0.2598 0.3510 0.8996
vn -0.3809 0.2379 0.8935
vn -0.4922 0.1694 0.8538
vn -0.6169 0.1535 0.7719
vn -0.1808 0.6972 0.6937
vn -0.1673 0.5027 0.8481
vn -0.2624 0.4123 0.8724
vn -0.3504 0.3299 0.8766
vn -0.4426 0.3249 0.8358
vn -0.0783 0.7479 0.6592
vn -0.1373 0.8733 0.4674
vn -0.1154 0.5845 0.8032
vn -0.1481 0.5213 0.8404
vn -0.1838 0.4471 0.8754
vn -0.2214 0.4058 0.8868
vn -0.1042 0.7578 0.6442
vn -0.1465 0.8557 0.4963
vn -0.0916 0.5815 0.8084
vn -0.0627 0.5467 0.8350
vn -0.0649 0.4894 0.8696
vn -0.0710 0.4713 0.8791
vn -0.9587 -0.2295 -0.1679
vn -0.6554 -0.3169 -0.6856
vn -0.4670 -0.2955 -0.8334
vn -0.2104 -0.2581 -0.9429
vn -0.7390 0.1529 -0.6561
vn -0.3642 0.1070 0.9251
vn -0.4627 -0.0512 0.8850
vn -0.7102 0.0540 -0.7019
vn -0.6258 -0.0685 0.7770
vn -0.7138 -0.1140 0.6910
vn 0.1407 -0.4994 0.8549
vn -0.1195 -0.7591 0.6398
vn -0.5941 -0.7195 0.3597
vn -0.8601 -0.4433 0.2525
vn 0.0030 -0.2000 -0.9798
vn 0.0682 -0.2079 -0.9758
vn -0.2905 0.6028 -0.7431
vn -0.3784 0.8786 -0.2912
vn -0.3443 0.9230 0.1717
vn -0.2310 0.8696 0.4364
vn 0.0494 -0.0434 0.9978
vn -0.3892 0.5325 -0.7516
vn -0.3880 0.8355 -0.3891
vn -0.3289 0.9437 0.0343
vn -0.2133 0.9243 0.3164
vn -0.4258 0.2530 -0.8688
vn -0.4996 -0.1719 -0.8490
vn -0.5093 -0.2251 -0.8307
vn -0.2963 0.3340 -0.8948
vn -0.2280 -0.0909 -0.9694
vn -0.2111 -0.1868 -0.9595
vn -0.0631 0.3358 -0.9398
vn 0.0599 -0.0468 -0.9971
vn 0.0264 -0.1144 -0.9931
vn 0.0985 0.2198 -0.9706
vn 0.1200 0.0067 -0.9928
vn 0.0752 -0.0614 -0.9953
vn -0.4263 0.4555 -0.7815
vn 0.0476 -0.3078 -0.9502
vn -0.3864 0.1503 -0.9100
vn -0.6649 -0.7298 -0.1591
vn -0.9524 -0.2682 -0.1446
vn -0.3224 -0.0319 -0.9461
vn 0.0995 -0.2921 -0.9512
vn 0.1837 -0.9291 -0.3211
vn -0.5139 -0.8511 0.1072
vn -0.9245 -0.3799 0.0314
vn 0.7514 -0.6534 -0.0923
vn 0.6050 -0.6688 0.4320
vn 0.7350 -0.6628 -0.1426
vn 0.6540 -0.6265 0.4239
vn 0.7191 -0.6696 -0.1857
vn 0.6826 -0.6397 0.3533
vn 0.3661 -0.8988 0.2410
vn -0.1470 -0.1555 -0.9768
vn -0.4377 -0.4193 0.7953
vn -0.3383 -0.2592 0.9046
vn -0.7680 -0.4206 0.4830
vn -0.6375 -0.4282 0.6404
vn -0.6998 -0.2636 -0.6639
vn -0.6858 -0.2550 -0.6817
vn -0.6510 -0.0885 -0.7539
vn -0.5863 -0.1456 -0.7969
vn -0.6311 0.3456 -0.6945
vn 0.0885 -0.2657 -0.9600
vn 0.0225 -0.2787 -0.9601
vn -0.1967 -0.2812 -0.9393
vn -0.4369 -0.3036 -0.8467
vn -0.6254 -0.3158 -0.7136
vn -0.9326 -0.2483 -0.2620
vn -0.9726 -0.2225 0.0675
vn -0.9439 -0.2094 0.2553
vn -0.9247 -0.1207 0.3611
vn -0.9236 -0.2090 0.3215
vn -0.2571 0.3825 0.8874
vn -0.0762 0.4262 0.9014
vn -0.0445 -0.0872 0.9952
vn -0.2168 -0.2339 0.9478
vn -0.3928 -0.3212 0.8617
vn -0.5675 -0.3193 0.7589
vn -0.7464 -0.2063 0.6327
vn -0.8436 -0.3256 0.4271
vn -0.8305 -0.0990 0.5481
vn -0.7027 0.1715 0.6905
vn -0.4903 0.3062 0.8160
vn -0.3164 0.7539 0.5758
vn -0.1241 0.5325 0.8373
vn -0.2685 0.7110 0.6499
vn -0.0753 0.3935 0.9162
vn -0.2600 0.3779 0.8886
vn -0.5755 0.3814 -0.7234
vn -0.5053 0.2875 0.8137
vn -0.7711 0.1368 0.6219
vn -0.9036 -0.2114 0.3726
vn -0.7016 0.2555 -0.6651
vn -0.8914 -0.0783 0.4464
vn -0.7273 -0.3021 -0.6163
vn -0.9237 -0.2923 0.2477
vn -0.7796 -0.2954 -0.5522
vn -0.6613 -0.2477 -0.7081
vn -0.9713 -0.2253 0.0766
vn -0.5965 -0.2256 -0.7703
vn -0.1163 0.6424 0.7575
vn -0.0755 0.6263 0.7760
vn -0.1076 0.5548 0.8250
vn -0.2393 0.4216 0.8746
vn -0.4691 -0.0688 -0.8805
vn -0.2205 0.0435 -0.9744
vn 0.0637 0.0701 -0.9955
vn 0.1429 0.0857 -0.9860
vn -0.5800 -0.0756 -0.8111
vn -0.8282 -0.3051 -0.4701
vn -0.8565 -0.2543 -0.4492
vn -0.7496 -0.3145 -0.5825
vn -0.6198 -0.2240 -0.7521
vn -0.7063 -0.2695 -0.6547
vn -0.5719 0.1777 -0.8008
vn -0.5468 0.3370 -0.7664
vn -0.5006 -0.5401 -0.6765
vn -0.7943 -0.3419 -0.5022
vn -0.8707 -0.2150 -0.4423
vn -0.7946 -0.3060 -0.5244
vn 0.1432 0.1683 -0.9753
vn 0.0462 0.2121 -0.9762
vn -0.2393 0.1763 -0.9548
vn -0.4500 0.0888 -0.8886
vn -0.5084 -0.1021 -0.8550
vn 0.4589 -0.5162 -0.7232
vn 0.4896 -0.4709 -0.7339
vn 0.4489 -0.4881 -0.7485
vn 0.0853 -0.5815 -0.8091
vn -0.9091 -0.3316 0.2520
vn -0.4879 -0.2615 -0.8328
vn -0.2091 -0.2227 -0.9522
vn -0.0011 -0.1432 -0.9897
vn 0.0637 -0.1426 -0.9877
vn -0.9812 -0.1231 -0.1484
vn -0.9691 -0.2433 0.0406
vn -0.6795 -0.2745 -0.6803
vn -0.9495 -0.1549 0.2729
vn -0.3862 -0.3278 -0.8622
vn -0.1308 -0.3259 -0.9363
vn 0.0571 -0.3223 -0.9449
vn 0.0870 -0.2981 -0.9506
vn -0.9170 -0.2716 -0.2920
vn -0.9781 -0.2045 0.0391
vn -0.5885 -0.3174 -0.7436
vn -0.9600 -0.1343 0.2456
vn -0.3123 -0.3139 -0.8966
vn -0.0963 -0.3175 -0.9434
vn 0.0022 -0.2694 -0.9630
vn -0.0076 -0.2213 -0.9752
vn -0.8675 -0.2575 -0.4256
vn -0.9771 -0.2003 -0.0721
vn -0.5370 -0.2826 -0.7948
vn -0.9742 -0.1099 0.1973
vn -0.2693 -0.2864 -0.9195
vn -0.1191 -0.2638 -0.9572
vn -0.0583 -0.2170 -0.9744
vn -0.0054 -0.2057 -0.9786
vn -0.8338 -0.2198 -0.5064
vn -0.9644 -0.1845 -0.1892
vn -0.4715 -0.2764 -0.8374
vn -0.9890 -0.0673 0.1317
vn -0.2769 -0.2260 -0.9339
vn -0.1641 -0.1993 -0.9661
vn -0.0869 -0.1781 -0.9802
vn 0.0175 -0.1751 -0.9844
vn -0.7896 -0.1844 -0.5853
vn -0.9517 -0.1301 -0.2782
vn -0.4206 -0.2410 -0.8746
vn -0.9971 -0.0344 0.0682
vn -0.3043 -0.0866 -0.9486
vn -0.1885 -0.0828 -0.9786
vn -0.0798 -0.0888 -0.9928
vn 0.0014 -0.1013 -0.9949
vn -0.7601 -0.0639 -0.6467
vn -0.9332 -0.0647 -0.3534
vn -0.4296 -0.0884 -0.8987
vn -0.9891 0.1209 0.0842
vn -0.3676 -0.0370 0.9292
vn -0.9384 0.1454 -0.3133
vn -0.4064 0.1541 -0.9006
vn -0.1988 -0.0324 0.9795
vn -0.8526 -0.3008 0.4272
vn -0.9040 -0.2134 0.3706
vn -0.8787 -0.1102 0.4645
vn -0.8773 -0.1288 0.4623
vn -0.4342 -0.1304 0.8913
vn -0.5960 -0.1393 0.7908
vn -0.7441 0.0978 0.6608
vn -0.1598 -0.0172 0.9870
vn -0.4645 -0.0417 0.8846
vn -0.6113 -0.0648 0.7888
vn -0.7653 -0.0008 0.6437
vn -0.3377 -0.0399 0.9404
vn -0.4857 -0.0416 0.8731
vn -0.6199 -0.0278 0.7842
vn -0.7625 -0.0650 0.6437
vn -0.2785 -0.0878 0.9564
vn -0.1317 0.0136 0.9912
vn -0.4561 -0.0177 0.8898
vn -0.5714 0.0289 0.8202
vn -0.7494 -0.1285 0.6495
vn -0.3023 -0.0108 0.9532
vn -0.1105 -0.0345 0.9933
vn -0.8890 -0.0523 0.4549
vn -0.9053 -0.0048 0.4247
vn -0.9103 0.1264 0.3943
vn -0.7781 0.1939 -0.5975
vn -0.9549 0.2726 0.1174
vn -0.9267 0.3038 -0.2214
vn -0.3583 0.0196 0.9334
vn -0.2002 -0.0092 0.9797
vn -0.6488 0.2283 0.7259
vn -0.3875 0.0727 0.9190
vn -0.4746 0.1574 0.8660
vn -0.8650 0.2725 0.4213
vn 0.0257 0.1109 -0.9935
vn -0.2765 0.1361 -0.9513
vn -0.1693 0.1216 -0.9780
vn -0.0644 0.1135 -0.9914
vn -0.6011 0.2172 0.7691
vn -0.1623 -0.0211 0.9865
vn -0.2602 0.0300 0.9651
vn -0.9175 0.3532 -0.1829
vn -0.9285 0.3480 0.1293
vn -0.8306 0.2981 0.4704
vn -0.3932 0.1501 0.9071
vn -0.2835 0.0817 0.9555
vn -0.7754 0.3445 -0.5292
vn -0.7892 0.3442 -0.5086
vn -0.2419 0.3316 -0.9119
vn -0.1559 0.3121 -0.9372
vn -0.0812 0.2973 -0.9513
vn -0.0050 0.2963 -0.9551
vn -0.2281 0.4262 -0.8754
vn -0.1208 0.4227 -0.8982
vn -0.0554 0.4055 -0.9124
vn -0.0074 0.3899 -0.9208
vn -0.2559 0.4280 -0.8668
vn -0.1330 0.4340 -0.8911
vn -0.0294 0.4315 -0.9017
vn 0.0280 0.3997 -0.9162
vn -0.3671 0.3396 -0.8660
vn -0.3792 0.4153 -0.8269
vn -0.2841 0.3431 -0.8953
vn -0.1262 0.3632 -0.9231
vn 0.0159 0.3695 -0.9291
vn 0.1419 0.3371 -0.9307
vn -0.8564 0.2045 -0.4740
vn -0.4940 0.3038 -0.8146
vn -0.3060 0.1668 -0.9373
vn -0.1171 0.1720 -0.9781
vn 0.0358 0.1696 -0.9849
vn 0.2504 0.1523 -0.9561
vn -0.8790 0.1664 -0.4468
vn -0.5264 0.1542 -0.8361
vn -0.2617 -0.1244 -0.9571
vn -0.0492 -0.1550 -0.9867
vn 0.1328 -0.1583 -0.9784
vn 0.3522 -0.1526 -0.9234
vn -0.8917 0.1303 -0.4334
vn -0.4920 -0.0513 -0.8691
vn -0.1433 -0.3593 -0.9221
vn 0.0807 -0.4536 -0.8875
vn 0.2605 -0.5166 -0.8157
vn 0.4699 -0.4875 -0.7359
vn -0.8898 0.0371 -0.4548
vn 0.0772 -0.3786 -0.9223
vn 0.3617 -0.4491 -0.8170
vn 0.4733 -0.6437 -0.6014
vn 0.5397 -0.6653 -0.5158
vn -0.3682 -0.2449 -0.8969
vn -0.8601 -0.0057 -0.5100
vn 0.5151 -0.7565 -0.4028
vn -0.2341 -0.2632 -0.9359
vn -0.9556 0.1812 -0.2325
vn -0.9673 0.2081 0.1450
vn -0.7837 0.1675 0.5982
vn -0.9701 0.1319 -0.2038
vn -0.9755 0.1472 0.1637
vn -0.7578 0.1177 0.6418
vn -0.9786 0.1226 -0.1650
vn -0.9749 0.1353 0.1769
vn -0.7483 0.1458 0.6471
vn -0.9764 0.1279 -0.1739
vn -0.9749 0.1489 0.1654
vn -0.7582 0.1848 0.6253
vn -0.9697 0.1272 -0.2086
vn -0.9802 0.1133 0.1626
vn 0.3247 0.0949 0.9410
vn -0.4705 0.0723 0.8795
vn -0.1346 -0.1246 0.9830
vn -0.1437 -0.1137 0.9831
vn -0.2308 -0.0084 0.9730
vn -0.1446 -0.0674 0.9872
vn -0.3986 0.0449 0.9160
vn -0.1673 -0.2122 0.9628
vn -0.0870 -0.1457 0.9855
vn -0.1395 -0.0133 0.9901
vn -0.0391 -0.0722 0.9966
vn -0.3731 0.1266 0.9191
vn -0.0523 -0.3520 0.9345
vn 0.1402 -0.1506 0.9786
vn -0.0561 0.0858 0.9947
vn 0.1352 -0.0118 0.9907
vn 0.1663 -0.4129 0.8955
vn -0.3904 0.1910 0.9006
vn 0.4343 -0.1119 0.8938
vn -0.0052 0.1510 0.9885
vn 0.2796 0.0566 0.9585
vn -0.3238 0.0797 0.9428
vn -0.2203 0.0110 0.9754
vn -0.1266 -0.0700 0.9895
vn -0.5516 0.1527 0.8200
vn -0.1917 -0.0342 0.9809
vn 0.4114 -0.5648 0.7153
vn 0.5657 -0.7152 0.4105
vn 0.6976 -0.6988 -0.1581
vn 0.5759 -0.7648 -0.2888
vn -0.4226 0.4015 -0.8126
vn -0.8172 0.2723 -0.5080
vn -0.9338 0.2796 -0.2235
vn -0.8147 0.2377 0.5289
vn -0.9428 0.3035 0.1382
vn -0.0412 0.1453 0.9885
vn 0.5605 -0.0241 0.8278
vn -0.4496 0.1639 0.8781
vn -0.7893 0.1306 0.6000
vn 0.5993 -0.2915 0.7456
vn 0.7998 -0.3885 0.4576
vn 0.8540 -0.3624 -0.3733
vn 0.7092 -0.5038 -0.4932
vn 0.7718 -0.6207 0.1383
vn -0.1966 0.6199 0.7596
vn 0.0800 0.2415 -0.9671
vn -0.0485 0.3989 -0.9157
vn -0.3932 0.7649 0.5102
vn -0.4381 0.8755 0.2041
vn -0.3988 0.8687 -0.2938
vn -0.2594 0.6758 -0.6900
vn -0.8926 -0.2758 -0.3567
vn -0.1043 -0.3362 -0.9360
vn 0.0370 -0.2639 -0.9638
vn 0.0490 -0.3123 -0.9487
vn -0.5707 -0.3014 -0.7639
vn -0.9538 -0.1389 0.2666
vn -0.0248 0.2724 0.9619
vn -0.1979 0.2580 0.9457
vn -0.1467 -0.1921 0.9703
vn -0.3889 -0.3307 0.8599
vn -0.3606 -0.3262 -0.8738
vn -0.9511 -0.1658 0.2605
vn -0.9779 -0.2021 0.0541
vn -0.7961 -0.3393 0.5012
vn -0.7916 -0.0577 0.6083
vn -0.5136 0.1687 0.8413
vn -0.9217 -0.2108 0.3257
vn -0.9000 -0.2045 0.3849
vn -0.3972 -0.3429 -0.8512
vn -0.9311 -0.2583 -0.2575
vn -0.6056 -0.3124 -0.7319
vn -0.4133 -0.3123 -0.8554
vn -0.1621 -0.3005 -0.9399
vn -0.6372 -0.4108 0.6521
vn -0.8908 -0.1628 0.4242
vn -0.9777 -0.2094 0.0155
vn -0.8098 0.0300 0.5860
vn -0.5430 0.2907 0.7879
vn -0.2354 0.3429 0.9094
vn -0.0466 0.3337 0.9415
vn 0.0264 0.1169 0.9928
vn -0.1761 0.0570 0.9827
vn -0.4507 -0.0842 0.8887
vn -0.7259 -0.2449 0.6427
vn -0.0277 0.5243 0.8511
vn 0.0023 0.5345 0.8452
vn 0.0210 0.4558 0.8898
vn 0.0036 0.4923 0.8704
vn 0.0528 0.3976 0.9160
vn 0.0215 0.0052 0.9998
vn 0.0389 0.4277 0.9031
vn -0.0324 -0.0460 0.9984
vn -0.0417 -0.0125 0.9991
vn -0.0211 -0.0043 0.9998
vn -0.0401 0.0209 0.9990
vn 0.0154 -0.0218 0.9996
vn 0.1045 0.0332 0.9940
vn 0.1034 0.2300 0.9677
vn -0.0054 0.2031 -0.9791
vn 0.0818 0.3225 0.9430
vn 0.1379 0.1024 0.9851
vn -0.0155 0.2151 -0.9765
vn 0.0181 0.1575 -0.9874
vn 0.0193 0.0897 -0.9958
vn 0.0270 0.0155 -0.9995
vn 0.0227 -0.0496 -0.9985
vn 0.0115 -0.1399 -0.9901
vn 0.0062 -0.2136 -0.9769
vn 0.0178 -0.2962 -0.9550
vn 0.0292 -0.3033 -0.9524
vn 0.0147 -0.2680 -0.9633
vn -0.0136 -0.2377 -0.9712
vn -0.0004 -0.2249 -0.9744
vn 0.0319 -0.2255 -0.9737
vn 0.0607 -0.1788 -0.9820
vn 0.0583 -0.1049 -0.9928
vn 0.0725 0.1002 -0.9923
vn 0.0556 0.3004 -0.9522
vn 0.0372 0.3839 -0.9226
vn 0.0957 0.3463 -0.9332
vn 0.2676 0.2481 -0.9310
vn 0.5138 0.0865 -0.8535
vn 0.6357 -0.1623 -0.7547
vn 0.7115 -0.4061 -0.5735
vn 0.6084 -0.5769 -0.5449
vn 0.9627 -0.2068 -0.1744
vn 0.3827 -0.8693 -0.3128
vn 0.2305 -0.9541 -0.1912
vn 0.2814 -0.9577 -0.0599
vn 0.1830 -0.9326 0.3110
vn 0.0921 -0.8275 0.5539
vn -0.0189 -0.5679 0.8229
vn -0.0981 -0.3825 0.9187
vn -0.1090 -0.2256 0.9681
vn -0.0736 -0.1166 0.9904
vn -0.0417 -0.0756 0.9963
vn -0.0357 -0.0207 0.9991
vn -0.9333 -0.2568 0.2511
vn -0.9685 -0.2344 0.0835
vn -0.9430 -0.2700 -0.1944
vn -0.6415 -0.3258 -0.6945
vn -0.4476 -0.3159 -0.8366
vn -0.2102 -0.2798 -0.9368
vn 0.0117 -0.2407 -0.9705
vn 0.0770 -0.2419 -0.9673
vn -0.0663 0.3719 0.9259
vn -0.2625 0.3682 0.8919
vn -0.5210 0.2940 0.8013
vn -0.8026 0.0904 0.5896
vn -0.9160 -0.2162 0.3381
vn -0.9165 -0.0944 0.3887
vn -0.8107 -0.3307 -0.4831
vn 0.0663 0.3588 0.9311
vn 0.0041 -0.2643 -0.9644
vn 0.0278 0.3319 -0.9429
vn -0.0585 0.5300 -0.8460
vn -0.4800 0.8410 -0.2496
vn -0.2925 0.7111 -0.6393
vn -0.0019 0.2729 -0.9620
vn -0.4826 0.5023 0.7175
vn -0.5553 0.5574 0.6172
vn -0.5844 0.6561 0.4775
vn -0.5637 0.8064 0.1787
vn 0.2598 0.3510 0.8996
vn 0.3809 0.2379 0.8935
vn 0.4922 0.1694 0.8538
vn 0.6169 0.1535 0.7719
vn 0.1808 0.6972 0.6937
vn 0.1673 0.5027 0.8481
vn 0.2624 0.4123 0.8724
vn 0.3504 0.3299 0.8766
vn 0.4426 0.3249 0.8358
vn 0.0782 0.7479 0.6592
vn 0.1373 0.8733 0.4674
vn 0.1154 0.5845 0.8032
vn 0.1481 0.5213 0.8404
vn 0.1838 0.4471 0.8754
vn 0.2214 0.4058 0.8868
vn 0.1042 0.7578 0.6442
vn 0.1465 0.8557 0.4963
vn 0.0916 0.5815 0.8084
vn 0.0627 0.5467 0.8350
vn 0.0639 0.4888 0.8701
vn 0.0710 0.4713 0.8791
vn 0.9587 -0.2295 -0.1679
vn 0.6554 -0.3169 -0.6856
vn 0.4670 -0.2955 -0.8334
vn 0.2104 -0.2581 -0.9429
vn 0.7390 0.1529 -0.6561
vn 0.3642 0.1070 0.9251
vn 0.4627 -0.0512 0.8850
vn 0.7102 0.0540 -0.7019
vn 0.6258 -0.0685 0.7770
vn 0.7138 -0.1140 0.6910
vn -0.1385 -0.4944 0.8581
vn 0.1195 -0.7591 0.6398
vn 0.5941 -0.7195 0.3597
vn 0.8601 -0.4433 0.2525
vn -0.0030 -0.2000 -0.9798
vn -0.0682 -0.2079 -0.9758
vn -0.0000 -0.2027 -0.9792
vn -0.0000 0.4260 0.9047
vn -0.0000 0.4736 0.8808
vn -0.0000 0.5113 0.8594
vn 0.2905 0.6028 -0.7431
vn 0.3784 0.8786 -0.2912
vn 0.3443 0.9230 0.1717
vn 0.2310 0.8696 0.4364
vn -0.0494 -0.0434 0.9978
vn 0.3864 0.5308 -0.7543
vn 0.3791 0.8436 -0.3803
vn 0.3289 0.9437 0.0343
vn 0.2133 0.9243 0.3164
vn 0.4258 0.2530 -0.8688
vn 0.4996 -0.1719 -0.8490
vn 0.5093 -0.2251 -0.8307
vn 0.2963 0.3340 -0.8948
vn 0.2280 -0.0909 -0.9694
vn 0.2111 -0.1868 -0.9594
vn 0.0631 0.3358 -0.9398
vn -0.0599 -0.0468 -0.9971
vn -0.0264 -0.1144 -0.9931
vn -0.0977 0.2215 -0.9703
vn -0.1200 0.0067 -0.9928
vn -0.0752 -0.0614 -0.9953
vn -0.0000 0.1910 -0.9816
vn -0.0000 -0.0069 -1.0000
vn -0.0000 -0.0516 -0.9987
vn 0.4263 0.4555 -0.7815
vn -0.0476 -0.3078 -0.9502
vn 0.3955 0.1512 -0.9059
vn 0.6649 -0.7298 -0.1591
vn 0.9524 -0.2682 -0.1446
vn 0.3233 -0.0215 -0.9460
vn -0.0995 -0.2921 -0.9512
vn -0.1837 -0.9291 -0.3211
vn 0.5139 -0.8511 0.1072
vn 0.9245 -0.3799 0.0314
vn -0.7514 -0.6534 -0.0923
vn -0.6050 -0.6689 0.4320
vn -0.7350 -0.6628 -0.1426
vn -0.6540 -0.6265 0.4239
vn -0.7191 -0.6696 -0.1857
vn -0.6826 -0.6397 0.3533
vn -0.3661 -0.8988 0.2410
vn 0.1483 -0.1465 -0.9780
vn 0.4377 -0.4193 0.7953
vn 0.3383 -0.2592 0.9046
vn 0.7680 -0.4206 0.4830
vn 0.6375 -0.4282 0.6404
vn 0.6998 -0.2636 -0.6639
vn 0.6858 -0.2550 -0.6817
vn 0.6510 -0.0885 -0.7539
vn 0.5863 -0.1456 -0.7969
vn 0.6311 0.3456 -0.6945
vn -0.0000 -0.3017 -0.9534
vn -0.0885 -0.2657 -0.9600
vn -0.0225 -0.2787 -0.9601
vn 0.1967 -0.2812 -0.9393
vn 0.4369 -0.3036 -0.8467
vn 0.6254 -0.3158 -0.7136
vn 0.9326 -0.2483 -0.2620
vn 0.9726 -0.2225 0.0675
vn 0.9439 -0.2094 0.2553
vn 0.9247 -0.1207 0.3611
vn 0.9236 -0.2090 0.3215
vn 0.2571 0.3825 0.8874
vn 0.0762 0.4262 0.9014
vn -0.0000 0.3986 0.9171
vn -0.0000 0.0403 0.9992
vn 0.0445 -0.0872 0.9952
vn 0.2168 -0.2339 0.9478
vn 0.3928 -0.3212 0.8617
vn 0.5675 -0.3193 0.7589
vn 0.7464 -0.2063 0.6327
vn 0.8436 -0.3256 0.4271
vn 0.8305 -0.0990 0.5481
vn 0.7027 0.1715 0.6905
vn 0.4903 0.3062 0.8160
vn 0.3164 0.7539 0.5758
vn 0.1241 0.5325 0.8373
vn 0.2685 0.7110 0.6499
vn -0.0000 0.3650 0.9310
vn 0.0753 0.3935 0.9162
vn 0.2600 0.3779 0.8886
vn 0.5755 0.3814 -0.7234
vn 0.5053 0.2875 0.8137
vn 0.7711 0.1368 0.6219
vn 0.9036 -0.2114 0.3726
vn 0.7016 0.2555 -0.6651
vn 0.8914 -0.0783 0.4464
vn 0.7273 -0.3021 -0.6163
vn 0.9237 -0.2923 0.2477
vn 0.7796 -0.2954 -0.5522
vn 0.6613 -0.2477 -0.7081
vn 0.9713 -0.2253 0.0766
vn 0.5965 -0.2256 -0.7703
vn 0.1163 0.6424 0.7575
vn 0.0755 0.6263 0.7760
vn 0.1076 0.5548 0.8250
vn 0.2393 0.4215 0.8747
vn 0.4691 -0.0688 -0.8805
vn 0.2205 0.0435 -0.9744
vn -0.0637 0.0701 -0.9955
vn -0.1429 0.0857 -0.9860
vn -0.0000 0.0700 -0.9975
vn 0.5800 -0.0756 -0.8111
vn 0.8282 -0.3051 -0.4701
vn 0.8565 -0.2543 -0.4492
vn 0.7496 -0.3145 -0.5825
vn 0.6198 -0.2240 -0.7521
vn 0.7063 -0.2695 -0.6547
vn 0.5719 0.1777 -0.8008
vn 0.5468 0.3370 -0.7664
vn 0.5006 -0.5401 -0.6765
vn 0.7943 -0.3419 -0.5022
vn 0.8707 -0.2150 -0.4423
vn 0.7946 -0.3060 -0.5244
vn -0.0000 0.1445 -0.9895
vn -0.1420 0.1703 -0.9751
vn -0.0462 0.2121 -0.9762
vn 0.2393 0.1763 -0.9548
vn 0.4500 0.0888 -0.8886
vn 0.5084 -0.1021 -0.8550
vn -0.4589 -0.5162 -0.7232
vn -0.4896 -0.4709 -0.7339
vn -0.4489 -0.4881 -0.7485
vn -0.0853 -0.5815 -0.8091
vn 0.9091 -0.3316 0.2520
vn 0.4879 -0.2615 -0.8328
vn 0.2091 -0.2227 -0.9522
vn 0.0011 -0.1432 -0.9897
vn -0.0637 -0.1426 -0.9877
vn -0.0000 -0.1375 -0.9905
vn 0.9812 -0.1231 -0.1484
vn 0.9691 -0.2433 0.0406
vn 0.6795 -0.2745 -0.6803
vn 0.9495 -0.1549 0.2729
vn 0.3862 -0.3278 -0.8622
vn 0.1308 -0.3259 -0.9363
vn -0.0571 -0.3223 -0.9449
vn -0.0870 -0.2981 -0.9506
vn 0.9170 -0.2716 -0.2920
vn 0.9781 -0.2045 0.0391
vn 0.5885 -0.3174 -0.7436
vn 0.9600 -0.1343 0.2456
vn 0.3123 -0.3139 -0.8966
vn 0.0963 -0.3175 -0.9434
vn -0.0022 -0.2694 -0.9630
vn 0.0076 -0.2213 -0.9752
vn -0.0000 -0.2362 -0.9717
vn 0.8675 -0.2575 -0.4256
vn 0.9771 -0.2003 -0.0721
vn 0.5370 -0.2826 -0.7948
vn 0.9742 -0.1099 0.1973
vn 0.2693 -0.2864 -0.9195
vn 0.1191 -0.2638 -0.9572
vn 0.0583 -0.2170 -0.9744
vn 0.0054 -0.2057 -0.9786
vn 0.8338 -0.2198 -0.5064
vn 0.9644 -0.1845 -0.1892
vn 0.4715 -0.2764 -0.8374
vn 0.9890 -0.0673 0.1317
vn 0.2769 -0.2260 -0.9339
vn 0.1641 -0.1993 -0.9661
vn 0.0869 -0.1781 -0.9802
vn -0.0175 -0.1751 -0.9844
vn 0.7896 -0.1844 -0.5853
vn 0.9517 -0.1301 -0.2782
vn 0.4206 -0.2410 -0.8746
vn 0.9971 -0.0344 0.0682
vn 0.3043 -0.0866 -0.9486
vn 0.1885 -0.0828 -0.9786
vn 0.0798 -0.0888 -0.9928
vn -0.0014 -0.1013 -0.9949
vn 0.7601 -0.0639 -0.6467
vn 0.9332 -0.0647 -0.3534
vn 0.4296 -0.0884 -0.8987
vn 0.9891 0.1209 0.0842
vn 0.3676 -0.0370 0.9292
vn -0.0000 -0.0657 0.9978
vn 0.9384 0.1454 -0.3133
vn 0.4064 0.1541 -0.9006
vn 0.1988 -0.0324 0.9795
vn 0.8526 -0.3008 0.4272
vn 0.9040 -0.2134 0.3706
vn 0.8787 -0.1102 0.4645
vn 0.8773 -0.1288 0.4623
vn 0.4342 -0.1304 0.8913
vn 0.5960 -0.1393 0.7908
vn 0.7441 0.0978 0.6608
vn -0.0000 -0.0160 0.9999
vn -0.0000 0.0237 0.9997
vn 0.1598 -0.0172 0.9870
vn 0.4645 -0.0417 0.8846
vn 0.6113 -0.0648 0.7888
vn 0.7653 -0.0008 0.6437
vn 0.3377 -0.0399 0.9404
vn -0.0000 0.0029 1.0000
vn 0.4857 -0.0416 0.8731
vn 0.6199 -0.0278 0.7842
vn 0.7625 -0.0650 0.6437
vn 0.2785 -0.0878 0.9564
vn 0.1317 0.0136 0.9912
vn 0.4561 -0.0177 0.8898
vn 0.5714 0.0289 0.8202
vn 0.7494 -0.1285 0.6495
vn 0.3023 -0.0108 0.9532
vn 0.1105 -0.0345 0.9933
vn 0.8890 -0.0523 0.4549
vn 0.9053 -0.0048 0.4247
vn 0.9103 0.1264 0.3943
vn 0.7781 0.1939 -0.5975
vn -0.0000 -0.0199 0.9998
vn -0.0000 -0.0080 1.0000
vn 0.9549 0.2726 0.1174
vn 0.9267 0.3038 -0.2214
vn 0.3583 0.0196 0.9334
vn 0.2002 -0.0092 0.9797
vn 0.6488 0.2283 0.7259
vn 0.3875 0.0727 0.9190
vn 0.4746 0.1574 0.8660
vn 0.8650 0.2725 0.4213
vn -0.0257 0.1109 -0.9935
vn 0.2765 0.1361 -0.9513
vn 0.1693 0.1216 -0.9780
vn 0.0644 0.1135 -0.9914
vn 0.6011 0.2172 0.7691
vn 0.1623 -0.0211 0.9865
vn 0.2602 0.0300 0.9651
vn 0.9175 0.3532 -0.1829
vn 0.9285 0.3480 0.1293
vn 0.8306 0.2981 0.4704
vn 0.3932 0.1501 0.9071
vn 0.2835 0.0817 0.9555
vn 0.7754 0.3445 -0.5292
vn 0.7892 0.3442 -0.5086
vn 0.2419 0.3316 -0.9119
vn 0.1559 0.3121 -0.9372
vn 0.0812 0.2973 -0.9513
vn 0.0050 0.2963 -0.9551
vn 0.2281 0.4262 -0.8754
vn 0.1208 0.4227 -0.8982
vn 0.0554 0.4055 -0.9124
vn 0.0074 0.3899 -0.9208
vn -0.0000 0.3817 -0.9243
vn 0.2559 0.4280 -0.8668
vn 0.1330 0.4340 -0.8911
vn 0.0294 0.4315 -0.9017
vn -0.0280 0.3997 -0.9162
vn 0.3671 0.3396 -0.8660
vn 0.3792 0.4153 -0.8269
vn 0.2841 0.3431 -0.8953
vn 0.1262 0.3632 -0.9231
vn -0.0159 0.3695 -0.9291
vn -0.1419 0.3371 -0.9307
vn -0.0000 0.2044 -0.9789
vn 0.8564 0.2045 -0.4740
vn 0.4940 0.3038 -0.8146
vn 0.3060 0.1668 -0.9373
vn 0.1171 0.1720 -0.9781
vn -0.0358 0.1696 -0.9849
vn -0.2504 0.1523 -0.9561
vn 0.8790 0.1664 -0.4468
vn 0.5264 0.1542 -0.8361
vn 0.2617 -0.1244 -0.9571
vn 0.0492 -0.1550 -0.9867
vn -0.1328 -0.1583 -0.9784
vn -0.3522 -0.1526 -0.9234
vn 0.8917 0.1303 -0.4334
vn 0.4920 -0.0513 -0.8691
vn 0.1433 -0.3593 -0.9221
vn -0.0807 -0.4536 -0.8875
vn -0.2605 -0.5166 -0.8157
vn -0.4699 -0.4875 -0.7359
vn 0.8898 0.0371 -0.4548
vn -0.0772 -0.3786 -0.9223
vn -0.3617 -0.4491 -0.8170
vn -0.4733 -0.6437 -0.6014
vn -0.5397 -0.6653 -0.5158
vn 0.3682 -0.2449 -0.8969
vn 0.8601 -0.0057 -0.5100
vn -0.5151 -0.7565 -0.4028
vn 0.2341 -0.2632 -0.9359
vn 0.9556 0.1812 -0.2325
vn 0.9673 0.2081 0.1450
vn 0.7837 0.1675 0.5982
vn 0.9701 0.1319 -0.2038
vn 0.9755 0.1472 0.1637
vn 0.7578 0.1177 0.6418
vn 0.9786 0.1226 -0.1650
vn 0.9749 0.1353 0.1769
vn 0.7483 0.1458 0.6471
vn 0.9764 0.1279 -0.1739
vn 0.9749 0.1489 0.1654
vn 0.7582 0.1848 0.6253
vn 0.9697 0.1272 -0.2086
vn 0.9802 0.1133 0.1626
vn -0.3247 0.0949 0.9410
vn 0.4705 0.0723 0.8795
vn 0.1346 -0.1246 0.9830
vn 0.1437 -0.1137 0.9831
vn 0.2308 -0.0084 0.9730
vn 0.1446 -0.0674 0.9872
vn 0.3986 0.0449 0.9160
vn 0.1673 -0.2122 0.9628
vn 0.0870 -0.1457 0.9855
vn 0.1395 -0.0133 0.9901
vn 0.0391 -0.0722 0.9966
vn 0.3731 0.1266 0.9191
vn 0.0523 -0.3520 0.9345
vn -0.1402 -0.1506 0.9786
vn 0.0561 0.0858 0.9947
vn -0.1352 -0.0118 0.9907
vn -0.1663 -0.4129 0.8955
vn 0.3904 0.1910 0.9006
vn -0.4343 -0.1119 0.8938
vn 0.0052 0.1510 0.9885
vn -0.2796 0.0566 0.9585
vn 0.3238 0.0797 0.9428
vn 0.2203 0.0110 0.9754
vn 0.1266 -0.0700 0.9895
vn 0.5516 0.1527 0.8200
vn 0.1917 -0.0342 0.9809
vn -0.4114 -0.5648 0.7153
vn -0.5657 -0.7152 0.4105
vn -0.6976 -0.6988 -0.1581
vn -0.5759 -0.7648 -0.2888
vn 0.4226 0.4015 -0.8126
vn 0.8172 0.2723 -0.5080
vn 0.9338 0.2796 -0.2235
vn 0.8147 0.2377 0.5289
vn 0.9428 0.3035 0.1382
vn 0.0412 0.1453 0.9885
vn -0.5605 -0.0241 0.8278
vn 0.4496 0.1639 0.8781
vn 0.7893 0.1306 0.6000
vn -0.5993 -0.2915 0.7456
vn -0.7998 -0.3885 0.4576
vn -0.8540 -0.3624 -0.3733
vn -0.7092 -0.5038 -0.4932
vn -0.7718 -0.6207 0.1383
vn -0.0000 0.1069 0.9943
vn 0.1966 0.6196 0.7599
vn -0.0001 0.2302 -0.9732
vn -0.0800 0.2415 -0.9671
vn 0.0485 0.3989 -0.9157
vn 0.3932 0.7649 0.5102
vn 0.4381 0.8755 0.2041
vn 0.3988 0.8687 -0.2938
vn 0.2594 0.6758 -0.6900
vn 0.8926 -0.2758 -0.3567
vn 0.1043 -0.3362 -0.9360
vn -0.0370 -0.2639 -0.9638
vn -0.0489 -0.3123 -0.9487
vn 0.5707 -0.3014 -0.7639
vn 0.9538 -0.1389 0.2666
vn -0.0000 0.2284 0.9736
vn 0.0248 0.2724 0.9619
vn 0.1979 0.2580 0.9457
vn 0.1467 -0.1921 0.9703
vn 0.3889 -0.3307 0.8599
vn 0.3606 -0.3262 -0.8738
vn 0.9511 -0.1658 0.2605
vn 0.9779 -0.2021 0.0541
vn 0.7961 -0.3393 0.5012
vn 0.7916 -0.0577 0.6083
vn 0.5136 0.1687 0.8413
vn 0.9217 -0.2108 0.3257
vn 0.9000 -0.2045 0.3849
vn 0.3972 -0.3429 -0.8512
vn 0.9311 -0.2583 -0.2575
vn 0.6056 -0.3124 -0.7319
vn 0.4133 -0.3123 -0.8554
vn 0.1621 -0.3005 -0.9399
vn 0.6372 -0.4108 0.6521
vn 0.8908 -0.1628 0.4242
vn 0.9777 -0.2094 0.0155
vn 0.8098 0.0300 0.5860
vn 0.5430 0.2907 0.7879
vn 0.2354 0.3429 0.9094
vn 0.0466 0.3337 0.9415
vn -0.0000 0.2727 0.9621
vn -0.0000 0.1575 0.9875
vn -0.0264 0.1169 0.9928
vn 0.1761 0.0570 0.9827
vn 0.4507 -0.0842 0.8887
vn 0.7259 -0.2449 0.6427
vn 0.0277 0.5243 0.8511
vn -0.0031 0.5337 0.8457
vn -0.0200 0.4565 0.8895
vn -0.0036 0.4923 0.8704
vn -0.0528 0.3976 0.9160
vn -0.0215 0.0052 0.9998
vn -0.0389 0.4277 0.9031
vn 0.0324 -0.0460 0.9984
vn 0.0417 -0.0125 0.9991
vn 0.0211 -0.0043 0.9998
vn 0.0401 0.0209 0.9990
vn -0.0154 -0.0218 0.9996
vn -0.1045 0.0332 0.9940
vn -0.1034 0.2300 0.9677
vn 0.0054 0.2031 -0.9791
vn -0.0818 0.3225 0.9430
vn -0.1379 0.1024 0.9851
vn 0.0156 0.2150 -0.9765
vn -0.0181 0.1575 -0.9874
vn -0.0193 0.0897 -0.9958
vn -0.0270 0.0155 -0.9995
vn -0.0227 -0.0496 -0.9985
vn -0.0115 -0.1399 -0.9901
vn -0.0062 -0.2136 -0.9769
vn -0.0178 -0.2962 -0.9550
vn -0.0292 -0.3033 -0.9524
vn -0.0147 -0.2680 -0.9633
vn 0.0136 -0.2377 -0.9712
vn 0.0004 -0.2249 -0.9744
vn -0.0319 -0.2255 -0.9737
vn -0.0607 -0.1788 -0.9820
vn -0.0583 -0.1049 -0.9928
vn -0.0725 0.1002 -0.9923
vn -0.0556 0.3004 -0.9522
vn -0.0372 0.3839 -0.9226
vn -0.0957 0.3463 -0.9332
vn -0.2676 0.2481 -0.9310
vn -0.5138 0.0865 -0.8535
vn -0.6357 -0.1623 -0.7547
vn -0.7115 -0.4061 -0.5735
vn -0.6084 -0.5769 -0.5449
vn -0.9627 -0.2068 -0.1744
vn -0.3827 -0.8693 -0.3128
vn -0.2305 -0.9541 -0.1912
vn -0.2814 -0.9577 -0.0599
vn -0.1830 -0.9326 0.3110
vn -0.0921 -0.8275 0.5539
vn 0.0189 -0.5679 0.8229
vn 0.0981 -0.3825 0.9187
vn 0.1090 -0.2256 0.9681
vn 0.0736 -0.1166 0.9904
vn 0.0417 -0.0756 0.9963
vn 0.0357 -0.0207 0.9991
vn 0.9333 -0.2568 0.2511
vn 0.9685 -0.2344 0.0835
vn 0.9430 -0.2700 -0.1944
vn 0.6415 -0.3258 -0.6945
vn 0.4476 -0.3159 -0.8366
vn 0.2102 -0.2798 -0.9368
vn -0.0117 -0.2407 -0.9705
vn -0.0770 -0.2419 -0.9673
vn -0.0000 -0.2562 -0.9666
vn -0.0000 0.3240 0.9461
vn 0.0663 0.3719 0.9259
vn 0.2625 0.3682 0.8919
vn 0.5210 0.2940 0.8013
vn 0.8026 0.0904 0.5896
vn 0.9160 -0.2162 0.3381
vn 0.9165 -0.0944 0.3887
vn 0.8107 -0.3307 -0.4831
vn -0.0663 0.3588 0.9311
vn -0.0041 -0.2643 -0.9644
vn -0.0278 0.3319 -0.9429
vn 0.0585 0.5300 -0.8460
vn 0.4800 0.8410 -0.2496
vn 0.2925 0.7111 -0.6393
vn 0.0020 0.2731 -0.9620
vn 0.4821 0.5038 0.7167
vn 0.5553 0.5574 0.6172
vn 0.5844 0.6561 0.4775
vn 0.5637 0.8064 0.1787
vn -0.0000 -0.2690 -0.9631
vn -0.0000 -0.2320 -0.9727
vn -0.0000 -0.1851 -0.9827
vn -0.0000 -0.1043 -0.9945
vn -0.0000 0.1034 -0.9946
vn -0.0000 0.3081 -0.9514
vn -0.0000 0.3065 -0.9519
vn -0.0000 0.0431 -0.9991
vn -0.0000 -0.2633 -0.9647
vn -0.0000 -0.6684 -0.7438
vn -0.0000 -0.7381 -0.6747
vn -0.0000 -0.9076 -0.4199
vn -0.0000 -0.1112 0.9938
vn -0.0000 -0.2316 0.9728
vn -0.0000 -0.4036 0.9149
vn -0.0000 -0.6201 0.7845
vn -0.0000 -0.0713 0.9975
vn -0.0000 -0.7991 0.6012
vn -0.0000 -0.9632 0.2687
vn -0.0000 -0.9773 -0.2117
vn -0.0000 -0.9643 -0.2648
vn -0.0000 -0.9995 -0.0309
vn -0.0000 -0.3125 -0.9499
vn -0.0000 -0.2432 -0.9700
vn 0.9308 -0.1190 -0.3455
vn 0.1089 -0.2373 -0.9653
vn -0.8127 -0.5318 -0.2382
vn -0.8289 -0.5399 0.1464
vn 0.2539 -0.2096 -0.9442
vn 0.5337 -0.5339 -0.6558
vn -0.1061 0.0833 0.9909
vn 0.4720 -0.2237 -0.8528
vn -0.9308 -0.1190 -0.3455
vn -0.1089 -0.2373 -0.9653
vn 0.6378 -0.1113 0.7621
vn 0.8835 -0.4394 -0.1624
vn 0.5658 0.0224 0.8242
vn -0.5337 -0.5339 -0.6558
vn 0.1061 0.0833 0.9909
vn -0.4720 -0.2237 -0.8528
vn -0.4984 0.1116 0.8597
vn -0.6378 -0.1113 0.7621
vn -0.8835 -0.4394 -0.1624
vn -0.5658 0.0224 0.8242
vn -0.9746 0.1138 -0.1927
vn -0.8035 0.0948 0.5877
vn 0.4984 0.1116 0.8598
vn 0.6820 -0.1913 0.7059
vn 0.7546 -0.2412 -0.6102
vn -0.9759 0.0916 0.1983
vn -0.8624 0.0147 -0.5060
vn -0.6025 -0.1259 -0.7881
vn 0.9746 0.1138 -0.1927
vn 0.8035 0.0948 0.5877
vn 0.6025 -0.1259 -0.7881
vn 0.8516 -0.2692 0.4498
vn 0.8123 -0.5135 0.2767
vn 0.3056 0.0697 0.9496
vn -0.6820 -0.1913 0.7059
vn -0.7546 -0.2412 -0.6102
vn 0.9759 0.0916 0.1983
vn 0.8624 0.0147 -0.5060
vn 0.8127 -0.5318 -0.2382
vn 0.8289 -0.5399 0.1464
vn -0.2539 -0.2096 -0.9442
vn -0.8516 -0.2691 0.4498
vn -0.8123 -0.5135 0.2767
vn -0.3056 0.0697 0.9496
vn -0.7416 -0.6555 -0.1428
vn -0.7151 -0.6377 0.2862
vn -0.0337 -0.2919 -0.9558
vn 0.0303 -0.3186 -0.9474
vn 0.0110 -0.2957 -0.9552
vn 0.2046 0.0040 0.9788
vn 0.3128 -0.0370 0.9491
vn 0.0315 0.3994 -0.9162
vn -0.1450 -0.0098 -0.9894
vn -0.0812 -0.1292 -0.9883
vn -0.0017 -0.3287 -0.9444
vn -0.0216 0.3675 0.9298
vn 0.0635 -0.2391 -0.9689
vn 0.1088 -0.1867 -0.9764
vn 0.1245 -0.0846 -0.9886
vn 0.2409 -0.0026 0.9706
vn 0.1699 -0.1242 0.9776
vn -0.5256 -0.2320 0.8185
vn -0.0844 -0.0712 -0.9939
vn -0.1045 -0.1880 -0.9766
vn -0.0077 0.4339 0.9009
vn -0.3224 -0.5943 -0.7368
vn -0.0358 0.3306 0.9431
vn -0.0597 0.0207 -0.9980
vn -0.1153 0.1753 -0.9778
vn 0.1173 0.3010 -0.9464
vn -0.0941 0.3654 -0.9261
vn -0.0684 -0.2691 0.9607
vn -0.1682 0.1775 -0.9696
vn -0.1685 0.0870 -0.9819
vn -0.0543 0.2651 0.9627
vn 0.0394 0.5498 0.8344
vn -0.0232 0.4172 -0.9085
vn 0.1295 -0.1609 0.9784
vn 0.0606 0.3701 -0.9270
vn -0.0513 -0.1178 0.9917
vn -0.1378 -0.0098 0.9904
vn 0.0164 0.5418 0.8404
vn 0.0192 0.4927 0.8700
vn -0.0132 0.3986 0.9170
vn -0.0097 -0.3235 -0.9462
vn -0.1606 -0.4982 -0.8520
vn -0.0154 0.4209 -0.9070
vn -0.1175 -0.2242 -0.9674
vn -0.1209 0.1275 0.9844
vn 0.0039 0.4652 0.8852
vn 0.1141 0.1144 -0.9869
vn 0.2576 -0.0330 0.9657
vn 0.3263 0.0097 0.9452
vn 0.1858 -0.1836 0.9653
vn -0.0707 0.2658 -0.9614
vn -0.1261 -0.2557 -0.9585
vn 0.1828 -0.0546 0.9816
vn 0.1943 -0.0629 0.9789
vn -0.0534 -0.1650 -0.9848
vn -0.0948 0.2295 -0.9687
vn -0.3636 -0.2554 0.8958
vn 0.0721 0.4970 0.8647
vn -0.4977 -0.4224 -0.7576
vn -0.6144 -0.1290 0.7784
vn -0.6342 -0.2233 -0.7402
vn 0.2151 0.9377 0.2728
vn 0.4373 0.5921 -0.6769
vn 0.3947 0.3471 -0.8507
vn -0.1999 -0.2630 -0.9439
vn -0.5643 -0.5456 0.6196
vn -0.0968 -0.2673 -0.9587
vn -0.2209 -0.2631 -0.9391
vn -0.1586 -0.3103 -0.9373
vn 0.0126 -0.3032 0.9528
vn 0.1831 0.7964 0.5763
vn 0.1543 0.8657 0.4761
vn 0.3363 0.1993 0.9204
vn 0.3009 0.2794 0.9118
vn 0.2734 0.1247 -0.9538
vn 0.3482 0.2766 -0.8957
vn 0.2739 0.4821 0.8322
vn 0.2366 0.6108 0.7556
vn 0.3893 0.7862 -0.4800
vn -0.4244 -0.5388 0.7277
vn 0.2367 -0.0056 -0.9716
vn -0.4913 -0.5441 0.6801
vn 0.3368 0.9411 -0.0300
vn 0.3603 -0.1400 0.9223
vn -0.5385 -0.6046 -0.5869
vn -0.5924 -0.5451 0.5932
vn -0.6270 -0.6304 -0.4576
vn -0.0000 0.5255 0.8508
vn -0.1353 0.4589 0.8781
vn -0.3326 0.4062 -0.8511
vn -0.2452 0.4005 0.8829
vn -0.0004 0.5302 0.8478
vn 0.3804 0.6237 0.6829
vn 0.4726 0.7266 0.4986
vn -0.5799 0.1157 0.8065
vn -0.4522 0.3457 0.8222
vn 0.0371 0.5004 0.8650
vn 0.4641 0.8653 0.1894
vn -0.5377 0.2436 0.8072
vn 0.0171 0.4517 -0.8920
vn -0.1041 -0.4389 0.8925
vn -0.2062 0.4510 -0.8684
vn 0.0163 0.5207 0.8536
vn 0.0026 0.5176 0.8556
vn -0.3667 0.2658 -0.8916
vn -0.3990 0.3335 -0.8542
vn -0.4536 -0.4898 0.7445
vn -0.1912 0.5022 -0.8434
vn -0.0703 0.4853 -0.8715
vn 0.2648 0.5819 0.7690
vn -0.0755 0.4795 0.8743
vn -0.0174 0.4920 0.8704
vn 0.5536 0.8327 0.0122
vn -0.5838 -0.3262 0.7435
vn 0.4454 0.6554 0.6099
vn -0.6462 -0.1021 0.7563
vn -0.6598 -0.1373 0.7388
vn 0.0695 0.5033 0.8613
vn 0.1552 0.4984 0.8529
vn 0.0739 0.4716 0.8787
vn -0.6635 -0.2985 -0.6860
vn -0.7256 -0.3094 -0.6146
vn -0.2224 -0.0394 -0.9742
vn 0.1116 0.3399 0.9338
vn 0.0864 0.3121 0.9461
vn 0.0724 0.4001 0.9136
vn -0.8150 -0.3274 -0.4780
vn 0.0034 0.5501 0.8351
vn 0.6602 0.4775 0.5798
vn -0.8782 -0.2673 -0.3965
vn -0.1459 -0.2897 0.9459
vn -0.9315 -0.2596 -0.2549
vn 0.3528 0.5708 0.7415
vn 0.6199 0.3867 0.6828
vn 0.6553 0.6347 0.4094
vn -0.8797 -0.3284 -0.3440
vn -0.3574 -0.4164 0.8360
vn 0.1348 0.3080 0.9418
vn 0.0942 0.2176 -0.9715
vn -0.9689 -0.2158 -0.1212
vn 0.0427 0.5387 0.8414
vn 0.6399 0.7545 0.1457
vn -0.9782 -0.2065 0.0222
vn 0.1615 0.1968 -0.9670
vn -0.5636 -0.4277 0.7067
vn 0.2722 0.5879 0.7618
vn -0.4000 -0.1396 -0.9058
vn -0.5134 -0.2030 -0.8338
vn -0.0515 0.0561 -0.9971
vn -0.7625 -0.2517 0.5960
vn -0.0000 0.4255 0.9050
vn 0.1061 0.2172 -0.9703
vn -0.9636 -0.2489 -0.0975
vn 0.1257 0.2228 -0.9667
vn 0.0109 0.2261 -0.9740
vn -0.0530 0.4336 0.8996
vn 0.0625 0.1244 -0.9903
vn -0.6089 -0.2444 -0.7547
vn -0.9711 -0.1725 0.1652
vn -0.9549 -0.1409 0.2612
vn -0.8828 -0.1275 0.4521
vn -0.0311 0.4808 0.8763
vn -0.6002 -0.2685 -0.7535
vn 0.1142 0.1190 0.9863
vn 0.0591 0.2370 0.9697
vn -0.0348 -0.1137 0.9929
vn 0.0399 0.0133 0.9991
vn 0.0899 0.3745 0.9229
vn -0.0180 0.5305 0.8475
vn 0.1956 0.5120 0.8364
vn 0.0702 0.4949 0.8661
vn -0.2253 -0.0570 -0.9726
vn -0.2519 -0.1722 -0.9523
vn -0.1368 0.7675 0.6263
vn -0.4136 0.0633 -0.9083
vn -0.1302 0.8173 0.5613
vn 0.1083 0.2578 -0.9601
vn 0.0239 0.2731 -0.9617
vn -0.1064 0.8180 0.5653
vn 0.0805 0.2512 -0.9646
vn -0.1343 0.6080 0.7825
vn -0.0946 0.7402 0.6657
vn -0.0293 0.4149 -0.9094
vn -0.2326 0.6750 0.7002
vn -0.4535 0.1555 -0.8776
vn -0.4651 0.4478 0.7637
vn 0.1319 0.5561 -0.8206
vn 0.0885 0.2306 -0.9690
vn -0.0008 0.2637 -0.9646
vn 0.0027 0.2315 -0.9728
vn -0.2627 0.2521 -0.9314
vn -0.0236 0.4823 -0.8757
vn 0.5968 0.7924 -0.1263
vn 0.4313 0.6848 -0.5874
vn 0.6409 0.7672 0.0259
vn 0.0907 0.2353 -0.9677
vn -0.0261 0.3337 -0.9423
vn -0.0875 0.2379 -0.9673
vn 0.6374 0.7699 0.0312
vn 0.7416 -0.6555 -0.1428
vn 0.7151 -0.6377 0.2862
vn 0.0337 -0.2919 -0.9558
vn -0.0303 -0.3186 -0.9474
vn 0.0132 0.3986 0.9170
vn -0.0110 -0.2957 -0.9552
vn -0.0635 -0.2391 -0.9689
vn -0.1088 -0.1867 -0.9764
vn -0.1245 -0.0846 -0.9886
vn -0.1699 -0.1242 0.9776
vn 0.5256 -0.2320 0.8185
vn 0.1045 -0.1880 -0.9766
vn 0.0077 0.4339 0.9009
vn 0.0017 -0.3287 -0.9444
vn 0.0216 0.3675 0.9298
vn -0.1295 -0.1609 0.9784
vn 0.3224 -0.5943 -0.7368
vn -0.0315 0.3994 -0.9162
vn 0.0812 -0.1292 -0.9883
vn 0.0597 0.0207 -0.9980
vn 0.1153 0.1753 -0.9778
vn 0.0097 -0.3235 -0.9462
vn -0.1943 -0.0629 0.9789
vn -0.2576 -0.0330 0.9657
vn -0.2409 -0.0026 0.9706
vn 0.0684 -0.2691 0.9607
vn 0.0979 0.2317 -0.9679
vn -0.2046 0.0040 0.9788
vn 0.0941 0.3654 -0.9261
vn 0.0707 0.2669 -0.9611
vn 0.1450 -0.0098 -0.9894
vn -0.0394 0.5498 0.8344
vn -0.0721 0.4970 0.8647
vn -0.1173 0.3010 -0.9464
vn 0.1606 -0.4982 -0.8520
vn 0.0844 -0.0712 -0.9939
vn -0.0164 0.5418 0.8404
vn -0.0606 0.3701 -0.9270
vn 0.0154 0.4209 -0.9070
vn -0.1858 -0.1836 0.9653
vn 0.1261 -0.2557 -0.9585
vn -0.1828 -0.0546 0.9816
vn -0.0037 0.4622 0.8868
vn 0.0534 -0.1650 -0.9848
vn 0.1685 0.0870 -0.9819
vn 0.0358 0.3306 0.9431
vn 0.3636 -0.2554 0.8958
vn -0.1141 0.1144 -0.9869
vn -0.3128 -0.0370 0.9491
vn -0.3263 0.0097 0.9452
vn 0.1175 -0.2242 -0.9674
vn 0.0513 -0.1177 0.9917
vn 0.1378 -0.0099 0.9904
vn 0.4977 -0.4224 -0.7576
vn 0.6144 -0.1290 0.7784
vn 0.6342 -0.2233 -0.7402
vn 0.0163 0.3854 -0.9226
vn -0.0197 0.4968 0.8676
vn -0.0126 0.4743 0.8803
vn 0.1674 0.1727 -0.9706
vn 0.1209 0.1277 0.9844
vn 0.0544 0.2651 0.9627
vn 0.1284 0.0448 0.9907
vn 0.1484 0.2329 -0.9611
vn 0.0881 0.2354 -0.9679
vn -0.4122 0.6126 -0.6744
vn -0.3947 0.3471 -0.8507
vn 0.1999 -0.2630 -0.9439
vn -0.3393 0.7690 -0.5418
vn 0.5643 -0.5456 0.6196
vn 0.0968 -0.2673 -0.9587
vn 0.2209 -0.2631 -0.9391
vn 0.1586 -0.3103 -0.9373
vn -0.3368 0.9411 -0.0300
vn -0.2151 0.9377 0.2728
vn -0.1831 0.7964 0.5763
vn -0.1543 0.8657 0.4761
vn -0.3363 0.1993 0.9204
vn -0.2891 0.1057 -0.9514
vn -0.2737 0.4824 0.8321
vn -0.2355 0.6053 0.7603
vn 0.4244 -0.5388 0.7277
vn -0.2525 -0.0271 -0.9672
vn 0.4913 -0.5441 0.6801
vn -0.3573 -0.1402 0.9234
vn -0.3009 0.2794 0.9118
vn -0.0509 -0.3496 0.9355
vn -0.3332 0.2879 -0.8978
vn -0.3562 0.1815 -0.9166
vn -0.1240 -0.3837 0.9151
vn -0.2082 0.5558 0.8048
vn -0.2835 -0.0041 -0.9590
vn 0.5385 -0.6046 -0.5869
vn 0.5924 -0.5451 0.5932
vn 0.6270 -0.6304 -0.4576
vn 0.1353 0.4589 0.8781
vn 0.2452 0.4005 0.8829
vn 0.2062 0.4510 -0.8684
vn 0.5799 0.1157 0.8065
vn 0.3990 0.3335 -0.8542
vn 0.4522 0.3457 0.8222
vn -0.2658 0.5822 0.7684
vn -0.4454 0.6554 0.6099
vn 0.5377 0.2436 0.8072
vn -0.0035 0.5183 0.8552
vn 0.0004 0.5302 0.8478
vn -0.0371 0.5004 0.8650
vn -0.0695 0.5033 0.8613
vn 0.1175 -0.4371 0.8917
vn -0.0482 0.4735 -0.8795
vn -0.3761 0.6193 0.6892
vn -0.5536 0.8327 0.0122
vn 0.3899 0.2475 -0.8870
vn 0.4536 -0.4898 0.7445
vn -0.4726 0.7267 0.4987
vn 0.0747 0.4801 0.8740
vn 0.0182 0.4913 0.8708
vn 0.3326 0.4062 -0.8511
vn -0.4641 0.8653 0.1894
vn 0.5838 -0.3262 0.7435
vn 0.6462 -0.1021 0.7563
vn 0.6598 -0.1373 0.7388
vn 0.1912 0.5022 -0.8434
vn 0.0703 0.4853 -0.8715
vn 0.0126 0.4735 0.8807
vn 0.3769 0.1854 -0.9075
vn 0.1266 -0.3550 0.9262
vn -0.0158 0.5204 0.8538
vn -0.0214 0.5153 0.8568
vn -0.0518 0.4866 -0.8721
vn -0.3392 0.5903 0.7324
vn -0.1552 0.4984 0.8529
vn -0.0739 0.4716 0.8787
vn -0.6553 0.6347 0.4094
vn 0.6635 -0.2985 -0.6860
vn 0.7256 -0.3094 -0.6146
vn 0.7625 -0.2517 0.5960
vn 0.8828 -0.1275 0.4521
vn -0.1116 0.3399 0.9338
vn -0.6399 0.7545 0.1457
vn 0.8797 -0.3284 -0.3440
vn 0.9711 -0.1725 0.1652
vn 0.9636 -0.2489 -0.0975
vn -0.2722 0.5879 0.7618
vn 0.4000 -0.1396 -0.9058
vn 0.5134 -0.2030 -0.8338
vn 0.0515 0.0561 -0.9971
vn -0.0724 0.4001 0.9136
vn -0.1061 0.2172 -0.9703
vn -0.1075 0.2179 -0.9700
vn -0.0034 0.5501 0.8351
vn -0.0427 0.5387 0.8414
vn 0.8782 -0.2673 -0.3965
vn -0.0625 0.1244 -0.9903
vn 0.6089 -0.2445 -0.7547
vn -0.1631 0.1981 -0.9665
vn -0.0591 0.2370 0.9697
vn 0.9315 -0.2596 -0.2549
vn -0.1348 0.3080 0.9418
vn 0.9689 -0.2158 -0.1212
vn -0.0085 0.2262 -0.9740
vn -0.3614 0.5639 0.7426
vn -0.6245 0.3843 0.6799
vn 0.9782 -0.2065 0.0222
vn 0.0348 -0.1137 0.9929
vn -0.0400 0.0134 0.9991
vn -0.0899 0.3745 0.9229
vn 0.0530 0.4336 0.8996
vn 0.1459 -0.2897 0.9459
vn -0.1142 0.1188 0.9863
vn 0.2224 -0.0394 -0.9742
vn 0.0323 0.4790 0.8772
vn 0.9549 -0.1409 0.2612
vn 0.3574 -0.4164 0.8360
vn 0.6002 -0.2685 -0.7535
vn -0.0942 0.2176 -0.9715
vn -0.6602 0.4775 0.5798
vn 0.5636 -0.4277 0.7067
vn -0.0864 0.3121 0.9461
vn 0.8150 -0.3274 -0.4780
vn -0.1285 0.0447 0.9907
vn -0.1272 0.2305 -0.9647
vn 0.0180 0.5330 0.8459
vn 0.0218 0.5142 0.8574
vn -0.5864 0.2915 0.7558
vn 0.0894 0.2406 -0.9665
vn -0.1956 0.5120 0.8364
vn -0.0702 0.4949 0.8661
vn 0.2422 -0.0595 -0.9684
vn 0.2346 0.6749 0.6997
vn 0.2519 -0.1722 -0.9523
vn 0.1368 0.7675 0.6263
vn 0.4136 0.0633 -0.9083
vn 0.4535 0.1555 -0.8776
vn 0.1302 0.8173 0.5613
vn -0.0810 0.2293 -0.9700
vn 0.1064 0.8180 0.5653
vn -0.1478 0.5505 -0.8216
vn 0.1341 0.6081 0.7825
vn 0.0946 0.7402 0.6657
vn -0.0004 0.2315 -0.9728
vn 0.2627 0.2521 -0.9314
vn -0.0239 0.2731 -0.9617
vn -0.1110 0.2570 -0.9600
vn -0.0839 0.2348 -0.9684
vn 0.2079 0.5583 0.8032
vn 0.3352 0.0108 -0.9421
vn 0.0323 0.3978 -0.9169
vn 0.3435 0.5938 0.7276
vn 0.4415 0.4646 0.7676
vn -0.0705 0.2444 -0.9671
vn -0.0832 0.2393 -0.9674
vn 0.5389 0.3382 0.7715
vn -0.0092 0.4194 -0.9077
vn -0.0013 0.4014 -0.9159
vn -0.5968 0.7924 -0.1263
vn -0.4312 0.6848 -0.5874
vn -0.6409 0.7672 0.0259
vn -0.0907 0.2353 -0.9677
vn 0.0261 0.3337 -0.9423
vn 0.0899 0.2377 -0.9672
vn -0.6374 0.7699 0.0312
vn -0.8492 -0.4311 -0.3050
vn -0.3858 -0.8353 -0.3917
vn 0.8492 -0.4311 -0.3050
vn 0.3858 -0.8353 -0.3917
vn 0.3467 -0.7881 -0.5087
vn -0.3467 -0.7881 -0.5087
vn -0.6880 0.3662 -0.6265
vn -0.6275 0.4962 -0.6000
vn -0.0000 0.1274 0.9918
vn -0.5799 0.3728 0.7244
vn -0.1671 0.1488 0.9747
vn -0.2704 0.1778 0.9462
vn -0.8721 0.4603 -0.1661
vn -0.8662 0.4831 0.1276
vn -0.7753 0.4597 0.4331
vn -0.3935 0.2959 0.8704
vn -0.3000 0.2303 0.9257
vn -0.7567 0.4636 -0.4610
vn -0.3047 0.4803 -0.8225
vn 0.0281 0.5462 -0.8372
vn 0.0029 0.5655 -0.8248
vn -0.0033 0.5488 -0.8359
vn -0.0000 0.4795 -0.8776
vn -0.4399 0.3945 -0.8068
vn -0.1838 0.4451 -0.8764
vn -0.0113 0.4734 -0.8808
vn 0.0411 0.4420 -0.8961
vn -0.5431 0.4523 -0.7074
vn -0.3712 0.2220 0.9016
vn -0.2375 0.1520 0.9594
vn -0.1283 0.0784 0.9886
vn -0.5529 0.2305 0.8007
vn -0.2314 0.1053 0.9671
vn -0.4938 0.4019 -0.7711
vn -0.8428 0.3123 -0.4384
vn -0.9347 0.3167 -0.1612
vn -0.7894 0.3065 0.5318
vn -0.9236 0.3457 0.1655
vn 0.0144 0.4963 -0.8680
vn 0.0989 0.3782 -0.9204
vn -0.0518 0.0640 0.9966
vn -0.0631 0.1334 0.9890
vn 0.6880 0.3662 -0.6265
vn 0.6275 0.4962 -0.6000
vn 0.5799 0.3728 0.7244
vn 0.1671 0.1488 0.9747
vn 0.2704 0.1778 0.9462
vn 0.8721 0.4603 -0.1661
vn 0.8662 0.4831 0.1276
vn 0.7753 0.4597 0.4331
vn 0.3935 0.2959 0.8704
vn 0.3000 0.2303 0.9257
vn 0.7567 0.4636 -0.4610
vn 0.3047 0.4803 -0.8225
vn -0.0281 0.5462 -0.8372
vn -0.0029 0.5655 -0.8248
vn 0.0033 0.5488 -0.8359
vn 0.4399 0.3945 -0.8068
vn 0.1838 0.4451 -0.8764
vn 0.0113 0.4734 -0.8808
vn -0.0411 0.4420 -0.8961
vn -0.0000 0.3678 -0.9299
vn 0.5431 0.4523 -0.7074
vn 0.3712 0.2220 0.9016
vn 0.2375 0.1520 0.9594
vn 0.1283 0.0784 0.9886
vn -0.0000 0.0621 0.9981
vn 0.5529 0.2305 0.8007
vn 0.2314 0.1053 0.9671
vn 0.4938 0.4019 -0.7711
vn 0.8428 0.3123 -0.4384
vn 0.9347 0.3167 -0.1612
vn 0.7894 0.3065 0.5318
vn 0.9236 0.3457 0.1655
vn -0.0144 0.4963 -0.8680
vn -0.0989 0.3782 -0.9204
vn 0.0518 0.0640 0.9966
vn 0.0631 0.1334 0.9890
vn -0.8022 0.1978 -0.5633
vn -0.4353 0.2704 -0.8587
vn -0.1742 0.2744 -0.9457
vn -0.0349 0.3174 -0.9476
vn 0.1237 0.3344 -0.9343
vn -0.3304 0.0850 0.9400
vn -0.1403 0.0174 0.9900
vn -0.1273 -0.0017 0.9919
vn -0.5929 0.1164 0.7968
vn -0.2211 0.0176 0.9751
vn -0.6016 0.2537 -0.7574
vn -0.9023 0.1580 -0.4011
vn -0.9744 0.1533 -0.1644
vn -0.7876 0.1577 0.5956
vn -0.9655 0.1870 0.1811
vn 0.2006 0.2910 -0.9355
vn -0.0560 0.0015 0.9984
vn 0.8022 0.1978 -0.5633
vn 0.4353 0.2704 -0.8587
vn 0.1742 0.2744 -0.9457
vn 0.0349 0.3174 -0.9476
vn -0.1237 0.3344 -0.9343
vn -0.0000 0.2240 -0.9746
vn 0.3304 0.0850 0.9400
vn 0.1403 0.0174 0.9900
vn 0.1273 -0.0017 0.9919
vn -0.0000 0.0010 1.0000
vn 0.5929 0.1164 0.7968
vn 0.2211 0.0176 0.9751
vn 0.6016 0.2537 -0.7574
vn 0.9023 0.1580 -0.4011
vn 0.9744 0.1533 -0.1644
vn 0.7876 0.1577 0.5956
vn 0.9655 0.1870 0.1811
vn -0.2006 0.2910 -0.9355
vn 0.0560 0.0015 0.9984
vn -0.8315 0.1648 -0.5305
vn -0.4352 0.1225 -0.8920
vn -0.3107 0.1419 -0.9398
vn -0.0971 0.1577 -0.9827
vn 0.0703 0.1250 -0.9897
vn -0.3024 0.0327 0.9526
vn -0.1399 0.0229 0.9899
vn -0.1270 -0.0112 0.9918
vn -0.5738 0.0672 0.8162
vn -0.1971 0.0014 0.9804
vn -0.6284 0.1533 -0.7626
vn -0.9218 0.1470 -0.3588
vn -0.9818 0.1210 -0.1466
vn -0.7555 0.1064 0.6464
vn -0.9705 0.1329 0.2010
vn 0.2418 0.1657 -0.9561
vn -0.0779 -0.0009 0.9970
vn 0.8315 0.1648 -0.5305
vn 0.4352 0.1225 -0.8920
vn 0.3107 0.1419 -0.9398
vn 0.0971 0.1577 -0.9827
vn -0.0703 0.1250 -0.9897
vn -0.0000 0.1754 -0.9845
vn 0.3024 0.0327 0.9526
vn 0.1399 0.0229 0.9899
vn 0.1270 -0.0112 0.9918
vn -0.0000 0.0012 1.0000
vn 0.5738 0.0672 0.8162
vn 0.1971 0.0014 0.9804
vn 0.6284 0.1533 -0.7626
vn 0.9218 0.1470 -0.3588
vn 0.9818 0.1210 -0.1466
vn 0.7555 0.1064 0.6464
vn 0.9705 0.1329 0.2010
vn -0.2418 0.1657 -0.9561
vn 0.0779 -0.0009 0.9970
vn -0.8400 0.1363 -0.5252
vn -0.4348 0.0189 -0.9003
vn -0.3575 0.0392 -0.9331
vn -0.0925 0.0288 -0.9953
vn 0.1031 0.0097 -0.9946
vn -0.3003 0.0939 0.9492
vn -0.0815 0.0681 0.9943
vn -0.1422 -0.0174 0.9897
vn -0.5248 0.1490 0.8381
vn -0.1483 -0.0061 0.9889
vn -0.6437 0.0588 -0.7630
vn -0.9388 0.1371 -0.3160
vn -0.9795 0.1511 -0.1331
vn -0.7493 0.1765 0.6383
vn -0.9646 0.1677 0.2036
vn 0.2573 0.0025 -0.9663
vn -0.1038 -0.0016 0.9946
vn 0.8400 0.1363 -0.5252
vn 0.4348 0.0189 -0.9003
vn 0.3575 0.0392 -0.9331
vn 0.0925 0.0288 -0.9953
vn -0.1031 0.0097 -0.9946
vn -0.0000 -0.0000 -1.0000
vn 0.3003 0.0939 0.9492
vn 0.0815 0.0681 0.9943
vn 0.1422 -0.0174 0.9897
vn -0.0000 0.0004 1.0000
vn 0.5248 0.1490 0.8381
vn 0.1483 -0.0061 0.9889
vn 0.6437 0.0588 -0.7630
vn 0.9388 0.1371 -0.3160
vn 0.9795 0.1511 -0.1331
vn 0.7493 0.1765 0.6383
vn 0.9646 0.1677 0.2036
vn -0.2573 0.0025 -0.9663
vn 0.1038 -0.0016 0.9946
vn -0.8238 0.0949 -0.5589
vn -0.4759 0.0090 -0.8794
vn -0.4850 0.0011 -0.8745
vn -0.2870 -0.0171 -0.9578
vn 0.0423 0.0033 -0.9991
vn -0.2934 0.1752 0.9398
vn 0.0203 0.1468 0.9890
vn -0.1541 -0.0059 0.9880
vn -0.5011 0.1749 0.8476
vn 0.0532 0.0658 0.9964
vn -0.6222 0.0161 -0.7827
vn -0.9441 0.1098 -0.3109
vn -0.9716 0.1719 -0.1626
vn -0.7907 0.1489 0.5939
vn -0.9678 0.1473 0.2041
vn 0.2351 0.0040 -0.9720
vn -0.1226 -0.0016 0.9925
vn 0.8238 0.0949 -0.5589
vn 0.4759 0.0090 -0.8794
vn 0.4850 0.0011 -0.8745
vn 0.2870 -0.0171 -0.9578
vn -0.0423 0.0033 -0.9991
vn -0.0000 -0.0043 -1.0000
vn 0.2934 0.1752 0.9398
vn -0.0203 0.1468 0.9890
vn 0.1541 -0.0059 0.9880
vn -0.0000 -0.0000 1.0000
vn 0.5011 0.1749 0.8476
vn -0.0532 0.0658 0.9964
vn 0.6222 0.0161 -0.7827
vn 0.9441 0.1098 -0.3109
vn 0.9716 0.1719 -0.1626
vn 0.7907 0.1489 0.5939
vn 0.9678 0.1473 0.2041
vn -0.2351 0.0040 -0.9720
vn 0.1226 -0.0016 0.9925
vn -0.4471 0.0690 -0.8918
vn -0.6822 -0.0148 -0.7311
vn 0.5590 0.0354 -0.8284
vn -0.2094 0.0107 -0.9778
vn -0.3565 -0.0389 -0.9335
vn -0.9475 0.0761 -0.3104
vn 0.1208 -0.0014 0.9927
vn 0.4471 0.0690 -0.8918
vn 0.5821 0.0778 0.8094
vn 0.3565 -0.0389 -0.9335
vn -0.0730 -0.0227 -0.9971
vn -0.9752 0.1479 -0.1647
vn -0.1646 0.1221 0.9788
vn 0.0730 -0.0227 -0.9971
vn -0.3526 0.1403 0.9252
vn 0.6822 -0.0148 -0.7311
vn -0.8243 0.0659 0.5623
vn 0.9475 0.0761 -0.3104
vn -0.0500 0.1441 0.9883
vn -0.9740 0.1032 0.2017
vn -0.0000 -0.0025 -1.0000
vn 0.3526 0.1403 0.9252
vn 0.9752 0.1479 -0.1647
vn -0.0840 0.0446 0.9955
vn 0.2094 0.0107 -0.9778
vn -0.8416 0.0746 -0.5349
vn 0.0500 0.1441 0.9883
vn -0.1208 -0.0014 0.9927
vn 0.8243 0.0659 0.5623
vn -0.5821 0.0778 0.8094
vn 0.8416 0.0746 -0.5349
vn 0.9740 0.1032 0.2017
vn 0.0840 0.0446 0.9955
vn 0.1646 0.1221 0.9788
vn -0.5590 0.0354 -0.8284
vt 0.143351 0.887384
vt 0.178646 0.865983
vt 0.178615 0.894362
vt 0.118060 0.876152
vt 0.145926 0.859412
vt 0.095211 0.858638
vt 0.123341 0.846455
vt 0.071721 0.833725
vt 0.103821 0.830836
vt 0.842358 0.728504
vt 0.863735 0.701630
vt 0.868970 0.724125
vt 0.814895 0.729571
vt 0.837447 0.705839
vt 0.917933 0.770871
vt 0.899767 0.767010
vt 0.914239 0.755249
vt 0.903170 0.791022
vt 0.878835 0.776816
vt 0.250000 0.873698
vt 0.240580 0.865888
vt 0.250000 0.865749
vt 0.179283 0.817369
vt 0.170279 0.811613
vt 0.179266 0.813935
vt 0.126272 0.819115
vt 0.150113 0.806403
vt 0.148653 0.830940
vt 0.120266 0.789475
vt 0.111026 0.787667
vt 0.111542 0.783807
vt 0.096236 0.769256
vt 0.179394 0.838857
vt 0.196429 0.830421
vt 0.196429 0.840898
vt 0.104081 0.954129
vt 0.127361 0.971177
vt 0.102094 0.959676
vt 0.897906 0.959676
vt 0.875591 0.968243
vt 0.898125 0.954682
vt 0.867646 0.943382
vt 0.888782 0.926642
vt 0.859049 0.781802
vt 0.874504 0.751053
vt 0.884870 0.627778
vt 0.895606 0.613854
vt 0.901016 0.632473
vt 0.823117 0.783293
vt 0.847338 0.753922
vt 0.852243 0.783516
vt 0.133331 0.953456
vt 0.107925 0.946179
vt 0.086678 0.949479
vt 0.087981 0.953708
vt 0.912019 0.953708
vt 0.914845 0.944533
vt 0.912218 0.909843
vt 0.920369 0.926596
vt 0.912197 0.738116
vt 0.924265 0.745324
vt 0.931842 0.889344
vt 0.803571 0.663069
vt 0.800782 0.649533
vt 0.803571 0.649349
vt 0.066560 0.784137
vt 0.075487 0.769029
vt 0.089965 0.786169
vt 0.057642 0.733377
vt 0.038270 0.718106
vt 0.044386 0.714753
vt 0.020255 0.689768
vt 0.023684 0.687620
vt 0.108517 0.806452
vt 0.082871 0.808602
vt 0.091099 0.787512
vt 0.114427 0.729001
vt 0.102578 0.732159
vt 0.105057 0.714245
vt 0.050771 0.799656
vt 0.250000 0.844831
vt 0.083503 0.750155
vt 0.083623 0.939558
vt 0.920074 0.797728
vt 0.196429 0.760098
vt 0.180017 0.773287
vt 0.180577 0.757408
vt 0.151696 0.764562
vt 0.152952 0.750491
vt 0.130428 0.755908
vt 0.131721 0.741762
vt 0.112862 0.744313
vt 0.879646 0.678633
vt 0.858418 0.681934
vt 0.807641 0.686113
vt 0.828770 0.666559
vt 0.833018 0.685441
vt 0.853405 0.663914
vt 0.869325 0.645193
vt 0.848568 0.646625
vt 0.903710 0.664095
vt 0.912790 0.685235
vt 0.900751 0.678795
vt 0.151716 0.961130
vt 0.130034 0.963097
vt 0.860317 0.976738
vt 0.872639 0.971177
vt 0.858051 0.979425
vt 0.228255 0.656872
vt 0.250000 0.617824
vt 0.250000 0.658716
vt 0.092916 0.721837
vt 0.096267 0.705475
vt 0.889916 0.644387
vt 0.874468 0.661426
vt 0.894069 0.660748
vt 0.890520 0.719184
vt 0.895701 0.744519
vt 0.909249 0.717338
vt 0.917082 0.704688
vt 0.919762 0.722264
vt 0.005952 0.668950
vt 0.005952 0.661969
vt 0.965310 0.728016
vt 0.976316 0.687620
vt 0.987077 0.698105
vt 0.993065 0.690554
vt 0.989899 0.700835
vt 0.942358 0.733377
vt 0.950383 0.750745
vt 0.862079 0.846767
vt 0.882282 0.806529
vt 0.887576 0.838524
vt 0.830192 0.827297
vt 0.828007 0.814094
vt 0.839264 0.814063
vt 0.878073 0.029056
vt 0.908990 0.088192
vt 0.875245 0.084242
vt 0.848092 0.387247
vt 0.876886 0.350743
vt 0.868012 0.390180
vt 0.860194 0.610842
vt 0.872458 0.589751
vt 0.878906 0.610158
vt 0.848103 0.563345
vt 0.857423 0.531447
vt 0.864710 0.564047
vt 0.854995 0.589756
vt 0.889363 0.714846
vt 0.884709 0.697385
vt 0.895277 0.696945
vt 0.865050 0.628583
vt 0.899165 0.677947
vt 0.931609 0.750855
vt 0.907672 0.823194
vt 0.031028 0.768785
vt 0.020983 0.736169
vt 0.038710 0.761508
vt 0.043268 0.808526
vt 0.057131 0.853541
vt 0.106439 0.902161
vt 0.078740 0.884088
vt 0.817398 0.612845
vt 0.835729 0.590361
vt 0.840537 0.611663
vt 0.889541 0.592455
vt 0.803571 0.613253
vt 0.814503 0.591503
vt 0.830174 0.563835
vt 0.881743 0.566330
vt 0.803571 0.591524
vt 0.811177 0.564458
vt 0.824793 0.530547
vt 0.874993 0.533539
vt 0.803571 0.564197
vt 0.808118 0.529435
vt 0.133954 0.560200
vt 0.115343 0.590930
vt 0.116181 0.556706
vt 0.145829 0.633342
vt 0.169141 0.606539
vt 0.161429 0.640831
vt 0.153761 0.564523
vt 0.151185 0.603360
vt 0.132085 0.597595
vt 0.113295 0.619129
vt 0.196429 0.610015
vt 0.215823 0.564554
vt 0.212321 0.612911
vt 0.231729 0.616286
vt 0.250000 0.563775
vt 0.122425 0.651160
vt 0.107934 0.658695
vt 0.110771 0.640936
vt 0.196429 0.649177
vt 0.205013 0.651484
vt 0.133982 0.913021
vt 0.128940 0.625295
vt 0.181983 0.645294
vt 0.188935 0.608650
vt 0.173892 0.564562
vt 0.803571 0.431859
vt 0.807444 0.486398
vt 0.803571 0.486170
vt 0.809643 0.431807
vt 0.821751 0.488172
vt 0.837152 0.489451
vt 0.825061 0.432373
vt 0.841105 0.433836
vt 0.853010 0.489121
vt 0.857482 0.435689
vt 0.869127 0.489226
vt 0.116114 0.505467
vt 0.130640 0.446813
vt 0.133275 0.509140
vt 0.150945 0.448613
vt 0.175050 0.449444
vt 0.153410 0.512542
vt 0.195399 0.509273
vt 0.196092 0.449863
vt 0.196429 0.509254
vt 0.196429 0.449855
vt 0.116708 0.347196
vt 0.145677 0.390502
vt 0.123922 0.393456
vt 0.196429 0.333486
vt 0.210701 0.387425
vt 0.196429 0.388578
vt 0.139475 0.341402
vt 0.170207 0.388441
vt 0.098836 0.355907
vt 0.108575 0.398089
vt 0.189976 0.334353
vt 0.193224 0.388837
vt 0.115870 0.445806
vt 0.815801 0.386391
vt 0.803571 0.351461
vt 0.819980 0.349870
vt 0.831098 0.386467
vt 0.898949 0.355554
vt 0.887619 0.395682
vt 0.803571 0.032689
vt 0.816522 0.080697
vt 0.803571 0.083380
vt 0.845456 0.028512
vt 0.843549 0.081631
vt 0.911651 0.032692
vt 0.937681 0.092975
vt 0.750000 0.149750
vt 0.754561 0.098946
vt 0.757479 0.149973
vt 0.776736 0.150670
vt 0.792134 0.085751
vt 0.797977 0.148808
vt 0.818393 0.147468
vt 0.803571 0.148441
vt 0.224974 0.158737
vt 0.250000 0.211187
vt 0.226327 0.214742
vt 0.226338 0.108110
vt 0.250000 0.155907
vt 0.842776 0.147281
vt 0.871057 0.148551
vt 0.750000 0.311870
vt 0.764191 0.266785
vt 0.764941 0.313945
vt 0.803571 0.313554
vt 0.787162 0.270092
vt 0.803571 0.269899
vt 0.807502 0.269853
vt 0.823751 0.312483
vt 0.806490 0.313451
vt 0.825148 0.267778
vt 0.841240 0.310746
vt 0.860918 0.309248
vt 0.843744 0.265750
vt 0.867080 0.263202
vt 0.891796 0.261938
vt 0.884267 0.309813
vt 0.914723 0.263857
vt 0.907173 0.312867
vt 0.196429 0.222548
vt 0.181167 0.168999
vt 0.196429 0.164723
vt 0.184764 0.225868
vt 0.156742 0.173383
vt 0.159328 0.229918
vt 0.132880 0.181139
vt 0.133681 0.235963
vt 0.106041 0.189827
vt 0.075539 0.200577
vt 0.109551 0.243850
vt 0.081970 0.257755
vt 0.183555 0.110569
vt 0.196429 0.110735
vt 0.155874 0.121071
vt 0.128981 0.132552
vt 0.100775 0.141327
vt 0.070478 0.150170
vt 0.902877 0.150791
vt 0.931131 0.151034
vt 0.750000 0.346611
vt 0.766612 0.348055
vt 0.803571 0.349663
vt 0.786858 0.314148
vt 0.803780 0.349671
vt 0.836134 0.349278
vt 0.854419 0.348803
vt 0.939412 0.864765
vt 0.932910 0.885875
vt 0.926547 0.873863
vt 0.874138 0.748879
vt 0.875539 0.748596
vt 0.840710 0.530943
vt 0.232573 0.507854
vt 0.214682 0.449448
vt 0.231385 0.448143
vt 0.921882 0.209384
vt 0.897602 0.209419
vt 0.152236 0.074788
vt 0.115294 0.049665
vt 0.145822 0.035765
vt 0.185676 0.057272
vt 0.059232 0.061873
vt 0.094752 0.098728
vt 0.064501 0.106107
vt 0.122575 0.088880
vt 0.088121 0.058107
vt 0.224631 0.016545
vt 0.205093 0.015152
vt 0.224328 0.015152
vt 0.226077 0.015152
vt 0.050777 0.738817
vt 0.058559 0.764317
vt 0.060267 0.749734
vt 0.071350 0.755692
vt 0.070872 0.749045
vt 0.077998 0.740852
vt 0.075816 0.736773
vt 0.081745 0.727945
vt 0.085286 0.714812
vt 0.078591 0.724468
vt 0.081077 0.709655
vt 0.088921 0.700026
vt 0.083973 0.693675
vt 0.092550 0.684050
vt 0.087177 0.676689
vt 0.095373 0.668851
vt 0.097849 0.652304
vt 0.089799 0.660691
vt 0.092629 0.644071
vt 0.098150 0.629504
vt 0.102157 0.612140
vt 0.099450 0.600500
vt 0.103940 0.585580
vt 0.105086 0.574481
vt 0.894691 0.554357
vt 0.894914 0.574481
vt 0.890377 0.543137
vt 0.886474 0.496392
vt 0.892500 0.446365
vt 0.892647 0.502279
vt 0.898289 0.401955
vt 0.899661 0.401622
vt 0.910572 0.361643
vt 0.910233 0.360300
vt 0.924002 0.318642
vt 0.934917 0.266819
vt 0.922329 0.316523
vt 0.931115 0.266202
vt 0.937598 0.209883
vt 0.942728 0.208563
vt 0.943035 0.152205
vt 0.947302 0.155594
vt 0.953031 0.104867
vt 0.950037 0.097915
vt 0.957521 0.057876
vt 0.089073 0.311588
vt 0.773721 0.015152
vt 0.773681 0.015550
vt 0.773286 0.015152
vt 0.803571 0.885496
vt 0.803571 0.871913
vt 0.815097 0.878415
vt 0.800762 0.840730
vt 0.803571 0.810917
vt 0.803571 0.841372
vt 0.803571 0.781983
vt 0.798780 0.810294
vt 0.795765 0.781459
vt 0.803571 0.754133
vt 0.959991 0.015152
vt 0.960241 0.015152
vt 0.087387 0.923039
vt 0.077540 0.919809
vt 0.076998 0.918047
vt 0.118821 0.934414
vt 0.114465 0.933142
vt 0.183175 0.728577
vt 0.161646 0.703304
vt 0.186981 0.709104
vt 0.172500 0.670408
vt 0.148783 0.670800
vt 0.156435 0.652666
vt 0.142604 0.941824
vt 0.173472 0.931764
vt 0.151850 0.946415
vt 0.158480 0.920278
vt 0.819115 0.755313
vt 0.811144 0.706747
vt 0.803571 0.728650
vt 0.803571 0.706249
vt 0.880865 0.906869
vt 0.897624 0.874418
vt 0.904178 0.890326
vt 0.887312 0.719919
vt 0.920230 0.735249
vt 0.100346 0.750593
vt 0.112946 0.763146
vt 0.128597 0.790575
vt 0.128451 0.794793
vt 0.146032 0.971936
vt 0.785427 0.685457
vt 0.803571 0.667442
vt 0.803571 0.685993
vt 0.196429 0.795059
vt 0.179160 0.791708
vt 0.852362 0.957266
vt 0.804473 0.667445
vt 0.196429 0.730291
vt 0.196429 0.709969
vt 0.124841 0.685078
vt 0.110781 0.686101
vt 0.115362 0.671047
vt 0.820670 0.631365
vt 0.844204 0.629724
vt 0.043581 0.776915
vt 0.064741 0.784209
vt 0.104226 0.675345
vt 0.179632 0.679962
vt 0.169823 0.677499
vt 0.921409 0.724468
vt 0.924184 0.736773
vt 0.803571 0.631964
vt 0.798150 0.632155
vt 0.782089 0.649744
vt 0.780375 0.632187
vt 0.905860 0.655099
vt 0.907993 0.665582
vt 0.139860 0.697266
vt 0.119760 0.702743
vt 0.150508 0.782232
vt 0.150229 0.799298
vt 0.089556 0.736336
vt 0.929128 0.749045
vt 0.157000 0.724105
vt 0.796301 0.613468
vt 0.778581 0.613330
vt 0.132919 0.662236
vt 0.142670 0.640413
vt 0.196429 0.677197
vt 0.196429 0.683977
vt 0.194277 0.683641
vt 0.127688 0.630266
vt 0.794440 0.591541
vt 0.112765 0.623710
vt 0.228223 0.383814
vt 0.210040 0.331657
vt 0.229116 0.327299
vt 0.107530 0.699406
vt 0.936483 0.773280
vt 0.939733 0.749734
vt 0.904682 0.649315
vt 0.824077 0.647996
vt 0.777106 0.591011
vt 0.792560 0.563821
vt 0.775738 0.563186
vt 0.791286 0.528201
vt 0.129242 0.771940
vt 0.196429 0.776768
vt 0.133131 0.728921
vt 0.135514 0.715681
vt 0.154738 0.737887
vt 0.181450 0.743175
vt 0.196429 0.705433
vt 0.199388 0.710240
vt 0.856191 0.921533
vt 0.827824 0.922635
vt 0.835311 0.933201
vt 0.853455 0.792271
vt 0.856465 0.814014
vt 0.770144 0.890748
vt 0.750000 0.863618
vt 0.770100 0.863248
vt 0.750000 0.834211
vt 0.771587 0.807740
vt 0.771378 0.836002
vt 0.770457 0.779178
vt 0.750000 0.778172
vt 0.768644 0.751264
vt 0.750000 0.750995
vt 0.767980 0.726017
vt 0.787061 0.705164
vt 0.767859 0.704717
vt 0.767688 0.685517
vt 0.750000 0.669198
vt 0.767168 0.667783
vt 0.766192 0.650943
vt 0.750000 0.636177
vt 0.765487 0.633647
vt 0.764752 0.613871
vt 0.750000 0.591204
vt 0.763213 0.590999
vt 0.761586 0.563470
vt 0.750000 0.563752
vt 0.761983 0.528767
vt 0.750000 0.485915
vt 0.764275 0.433125
vt 0.762741 0.485971
vt 0.750000 0.382935
vt 0.765653 0.384037
vt 0.112548 0.300458
vt 0.135723 0.292893
vt 0.165332 0.336668
vt 0.161926 0.285853
vt 0.868706 0.209331
vt 0.843867 0.210925
vt 0.768677 0.061254
vt 0.752089 0.075325
vt 0.750000 0.060337
vt 0.749750 0.058541
vt 0.750000 0.056618
vt 0.750000 0.057630
vt 0.754944 0.038724
vt 0.758920 0.042012
vt 0.753198 0.045993
vt 0.750000 0.032360
vt 0.755764 0.031568
vt 0.244236 0.031568
vt 0.250000 0.036817
vt 0.239574 0.036955
vt 0.237679 0.047635
vt 0.235227 0.035941
vt 0.229117 0.075218
vt 0.224683 0.047546
vt 0.213421 0.074664
vt 0.822110 0.212620
vt 0.803571 0.205860
vt 0.187441 0.280519
vt 0.196429 0.278221
vt 0.874656 0.438413
vt 0.799542 0.386107
vt 0.803571 0.386178
vt 0.791480 0.485456
vt 0.778319 0.432269
vt 0.794172 0.431941
vt 0.781966 0.384989
vt 0.228580 0.270461
vt 0.250000 0.325979
vt 0.205494 0.219967
vt 0.783527 0.214370
vt 0.803571 0.213947
vt 0.750000 0.208857
vt 0.771280 0.093764
vt 0.763670 0.050065
vt 0.786952 0.046179
vt 0.780621 0.027334
vt 0.234129 0.015152
vt 0.240995 0.028814
vt 0.234055 0.015152
vt 0.208814 0.029891
vt 0.196429 0.064012
vt 0.196429 0.044547
vt 0.208594 0.891698
vt 0.217086 0.872152
vt 0.219309 0.890745
vt 0.230266 0.843858
vt 0.213417 0.819477
vt 0.241722 0.821420
vt 0.214829 0.844487
vt 0.212762 0.842856
vt 0.214729 0.843091
vt 0.229049 0.764253
vt 0.212801 0.780241
vt 0.213092 0.762925
vt 0.232791 0.564268
vt 0.202395 0.163051
vt 0.207333 0.110876
vt 0.785281 0.348951
vt 0.250000 0.506400
vt 0.250000 0.447445
vt 0.250000 0.805577
vt 0.250000 0.821988
vt 0.250000 0.734191
vt 0.215861 0.711748
vt 0.250000 0.712938
vt 0.250000 0.688788
vt 0.250000 0.384603
vt 0.238074 0.782010
vt 0.213008 0.798276
vt 0.213680 0.734945
vt 0.220527 0.748041
vt 0.213030 0.747645
vt 0.221332 0.687870
vt 0.778947 0.893031
vt 0.797119 0.869498
vt 0.750000 0.805891
vt 0.791604 0.753226
vt 0.788910 0.727457
vt 0.750000 0.705347
vt 0.750000 0.726155
vt 0.783851 0.667372
vt 0.750000 0.653110
vt 0.750000 0.615346
vt 0.775680 0.527799
vt 0.775862 0.485200
vt 0.750000 0.097413
vt 0.750000 0.072820
vt 0.750000 0.058389
vt 0.750000 0.046534
vt 0.750000 0.038386
vt 0.758469 0.036024
vt 0.759005 0.028814
vt 0.250000 0.049042
vt 0.250000 0.073009
vt 0.250000 0.105873
vt 0.750000 0.432589
vt 0.208240 0.275200
vt 0.250000 0.267982
vt 0.750000 0.264764
vt 0.760554 0.211581
vt 0.100323 0.689415
vt 0.099974 0.634178
vt 0.100898 0.624848
vt 0.107353 0.502279
vt 0.100339 0.401622
vt 0.089428 0.361643
vt 0.075998 0.318642
vt 0.065083 0.266819
vt 0.057272 0.208563
vt 0.052698 0.155594
vt 0.046969 0.104867
vt 0.939558 0.039508
vt 0.955971 0.049019
vt 0.888836 0.445638
vt 0.900550 0.600500
vt 0.904039 0.623896
vt 0.905523 0.640699
vt 0.905771 0.634383
vt 0.907371 0.644071
vt 0.905696 0.651405
vt 0.912822 0.676689
vt 0.916027 0.693675
vt 0.918923 0.709655
vt 0.935306 0.837058
vt 0.936037 0.836783
vt 0.935588 0.837787
vt 0.913533 0.842046
vt 0.889441 0.845187
vt 0.863271 0.851314
vt 0.836376 0.864143
vt 0.803571 0.861275
vt 0.800793 0.864753
vt 0.800801 0.870350
vt 0.141992 0.942592
vt 0.118614 0.934637
vt 0.143207 0.015152
vt 0.110449 0.015152
vt 0.084050 0.015152
vt 0.880177 0.015152
vt 0.913036 0.015152
vt 0.814143 0.015152
vt 0.803571 0.015677
vt 0.803571 0.015152
vt 0.175200 0.015152
vt 0.181417 0.015152
vt 0.175738 0.018808
vt 0.116331 0.715839
vt 0.196429 0.745295
vt 0.900286 0.681899
vt 0.904445 0.696563
vt 0.750000 0.686624
vt 0.736330 0.050065
vt 0.741080 0.042012
vt 0.746802 0.045993
vt 0.579926 0.797728
vt 0.564694 0.837058
vt 0.563963 0.836783
vt 0.549648 0.804768
vt 0.563517 0.773280
vt 0.768306 0.906958
vt 0.769758 0.904943
vt 0.769722 0.906259
vt 0.837503 0.972672
vt 0.792761 0.929654
vt 0.769295 0.921921
vt 0.818675 0.950265
vt 0.811743 0.944751
vt 0.821958 0.940350
vt 0.550975 0.833551
vt 0.333553 0.955928
vt 0.332071 0.953755
vt 0.339016 0.949865
vt 0.592328 0.823194
vt 0.586467 0.842046
vt 0.366669 0.953456
vt 0.348284 0.961130
vt 0.348150 0.946415
vt 0.358008 0.942592
vt 0.612424 0.838524
vt 0.610559 0.845187
vt 0.627895 0.884991
vt 0.602376 0.874418
vt 0.381386 0.934637
vt 0.696429 0.902932
vt 0.696429 0.885575
vt 0.701593 0.888669
vt 0.392075 0.946179
vt 0.385535 0.933142
vt 0.416377 0.939558
vt 0.414199 0.924777
vt 0.419313 0.930024
vt 0.835249 0.976520
vt 0.817138 0.956462
vt 0.422460 0.919809
vt 0.412613 0.923039
vt 0.730278 0.906259
vt 0.712359 0.895287
vt 0.721053 0.893031
vt 0.658651 0.893224
vt 0.636729 0.851314
vt 0.750000 0.893046
vt 0.750000 0.915796
vt 0.731684 0.906948
vt 0.729856 0.890748
vt 0.696429 0.861182
vt 0.696429 0.871913
vt 0.684903 0.878415
vt 0.682984 0.844444
vt 0.663624 0.864143
vt 0.666342 0.848246
vt 0.672176 0.922635
vt 0.791782 0.940025
vt 0.769085 0.927790
vt 0.803571 0.938252
vt 0.803571 0.947312
vt 0.325473 0.962979
vt 0.321732 0.959459
vt 0.322989 0.968731
vt 0.319849 0.960890
vt 0.804713 0.948018
vt 0.844628 0.988289
vt 0.838053 0.995184
vt 0.155372 0.988289
vt 0.157481 0.989736
vt 0.162778 0.995992
vt 0.157795 0.989951
vt 0.170911 1.003721
vt 0.161582 0.984202
vt 0.167343 0.973239
vt 0.172503 0.983594
vt 0.170030 0.995702
vt 0.615291 0.697385
vt 0.636265 0.701630
vt 0.612688 0.719919
vt 0.610637 0.714846
vt 0.609480 0.719184
vt 0.590751 0.717338
vt 0.604723 0.696945
vt 0.599714 0.681899
vt 0.600835 0.677947
vt 0.156013 0.988768
vt 0.160562 0.967984
vt 0.155714 0.979573
vt 0.620354 0.678633
vt 0.371060 0.625295
vt 0.386705 0.619129
vt 0.387235 0.623710
vt 0.354171 0.633342
vt 0.372312 0.630266
vt 0.399102 0.624848
vt 0.400026 0.634178
vt 0.250000 0.749597
vt 0.279473 0.748041
vt 0.270951 0.764253
vt 0.250000 0.765996
vt 0.261926 0.782010
vt 0.595555 0.696563
vt 0.582918 0.704688
vt 0.587210 0.685235
vt 0.599249 0.678795
vt 0.160425 0.950674
vt 0.166447 0.955928
vt 0.177011 0.968731
vt 0.174527 0.962979
vt 0.596290 0.664095
vt 0.605931 0.660748
vt 0.589799 0.660691
vt 0.592629 0.644071
vt 0.594477 0.640699
vt 0.167988 0.953753
vt 0.178340 0.938487
vt 0.182209 0.955751
vt 0.178268 0.959459
vt 0.195966 0.918954
vt 0.196087 0.919290
vt 0.617718 0.806529
vt 0.621165 0.776816
vt 0.640951 0.781802
vt 0.643535 0.814014
vt 0.646545 0.792271
vt 0.843987 0.988768
vt 0.842205 0.989951
vt 0.842519 0.989736
vt 0.625496 0.751053
vt 0.652662 0.753922
vt 0.647757 0.783516
vt 0.600233 0.767010
vt 0.624461 0.748596
vt 0.660736 0.814063
vt 0.676883 0.783293
vt 0.671993 0.814094
vt 0.637921 0.846767
vt 0.669808 0.827297
vt 0.250000 0.782845
vt 0.252353 0.800809
vt 0.729900 0.863248
vt 0.702881 0.869498
vt 0.699238 0.840730
vt 0.728622 0.836002
vt 0.699199 0.870350
vt 0.699207 0.864753
vt 0.196429 0.866107
vt 0.216380 0.866245
vt 0.196429 0.892779
vt 0.228607 0.891240
vt 0.219773 0.866195
vt 0.197702 0.915851
vt 0.594140 0.655099
vt 0.595318 0.649315
vt 0.610084 0.644387
vt 0.631030 0.724125
vt 0.284139 0.711748
vt 0.300612 0.710240
vt 0.287742 0.732337
vt 0.286197 0.732537
vt 0.598984 0.632473
vt 0.595961 0.623896
vt 0.604394 0.613854
vt 0.180069 0.960932
vt 0.320368 0.679962
vt 0.303571 0.649177
vt 0.327500 0.670408
vt 0.318017 0.645294
vt 0.303571 0.677197
vt 0.303571 0.683977
vt 0.305723 0.683641
vt 0.309300 0.696126
vt 0.247647 0.800809
vt 0.338571 0.640831
vt 0.343565 0.652666
vt 0.278668 0.687870
vt 0.303571 0.705434
vt 0.357330 0.640413
vt 0.225694 0.853517
vt 0.259420 0.865888
vt 0.280227 0.866195
vt 0.282914 0.872152
vt 0.271393 0.891240
vt 0.280691 0.890745
vt 0.320606 0.838857
vt 0.320717 0.817369
vt 0.329721 0.811613
vt 0.351347 0.830940
vt 0.371549 0.794793
vt 0.349887 0.806403
vt 0.349771 0.799298
vt 0.647638 0.957266
vt 0.632354 0.943382
vt 0.643809 0.921533
vt 0.194373 0.563123
vt 0.215510 0.508907
vt 0.750000 0.528373
vt 0.803571 0.529101
vt 0.105309 0.554357
vt 0.174769 0.511227
vt 0.388974 0.787667
vt 0.408505 0.786103
vt 0.408901 0.787512
vt 0.373728 0.819115
vt 0.379734 0.789475
vt 0.391483 0.806452
vt 0.611218 0.926642
vt 0.587782 0.909843
vt 0.595822 0.890326
vt 0.581008 0.859602
vt 0.371403 0.790575
vt 0.370758 0.771940
vt 0.387054 0.763146
vt 0.388458 0.783807
vt 0.194866 0.915912
vt 0.303571 0.866107
vt 0.283620 0.866245
vt 0.285171 0.844487
vt 0.303571 0.840898
vt 0.287238 0.842856
vt 0.274306 0.853590
vt 0.220562 0.897634
vt 0.199684 0.915808
vt 0.449229 0.799656
vt 0.434647 0.786179
vt 0.435259 0.784209
vt 0.456732 0.808526
vt 0.456419 0.776915
vt 0.696429 0.938252
vt 0.688257 0.944751
vt 0.678042 0.940350
vt 0.696429 0.948015
vt 0.696352 0.948063
vt 0.160984 0.949865
vt 0.564412 0.837787
vt 0.560363 0.864035
vt 0.555719 0.848956
vt 0.141949 0.979425
vt 0.303571 0.830509
vt 0.286583 0.819477
vt 0.303571 0.816720
vt 0.285271 0.843091
vt 0.417129 0.808602
vt 0.410035 0.786169
vt 0.433440 0.784137
vt 0.196429 0.915878
vt 0.196429 0.918562
vt 0.976961 0.742844
vt 0.008821 0.696678
vt 0.005952 0.687364
vt 0.019916 0.732703
vt 0.966916 0.775461
vt 0.965624 0.779655
vt 0.060130 0.863277
vt 0.949216 0.832931
vt 0.944281 0.848956
vt 0.918992 0.859602
vt 0.950352 0.804768
vt 0.956116 0.810526
vt 0.032135 0.772378
vt 0.994048 0.687365
vt 0.196429 0.816720
vt 0.803044 0.015152
vt 0.784132 0.015152
vt 0.804363 0.213930
vt 0.196429 0.563260
vt 0.817016 0.844444
vt 0.833658 0.848246
vt 0.803571 0.902932
vt 0.798407 0.888669
vt 0.212258 0.732337
vt 0.841349 0.893224
vt 0.085801 0.924777
vt 0.080687 0.930024
vt 0.741721 0.920909
vt 0.739676 0.922171
vt 0.730705 0.921921
vt 0.068786 0.891384
vt 0.708218 0.940025
vt 0.730915 0.927790
vt 0.707239 0.929654
vt 0.872105 0.884991
vt 0.682862 0.956462
vt 0.664751 0.976520
vt 0.662497 0.972672
vt 0.760324 0.922171
vt 0.758244 0.920927
vt 0.787641 0.895287
vt 0.661947 0.995184
vt 0.655372 0.988289
vt 0.344628 0.988289
vt 0.338053 0.995184
vt 0.337222 0.995992
vt 0.213803 0.732537
vt 0.250000 0.800981
vt 0.291406 0.891698
vt 0.303571 0.892779
vt 0.338418 0.984202
vt 0.329970 0.995702
vt 0.327497 0.983594
vt 0.317791 0.955751
vt 0.321660 0.938487
vt 0.342205 0.989951
vt 0.329288 1.003461
vt 0.910201 0.660691
vt 0.303571 0.915878
vt 0.302298 0.915851
vt 0.329089 1.003721
vt 0.342519 0.989736
vt 0.315074 0.947582
vt 0.303913 0.919290
vt 0.286992 0.798276
vt 0.258278 0.821420
vt 0.269734 0.843858
vt 0.190700 0.696126
vt 0.332657 0.973239
vt 0.321354 0.865983
vt 0.356649 0.887384
vt 0.321385 0.894362
vt 0.354074 0.859412
vt 0.381940 0.876152
vt 0.376659 0.846455
vt 0.404790 0.858638
vt 0.396179 0.830836
vt 0.428279 0.833725
vt 0.657642 0.728504
vt 0.662553 0.705839
vt 0.685105 0.729571
vt 0.688856 0.706747
vt 0.582067 0.770871
vt 0.585761 0.755249
vt 0.596830 0.791022
vt 0.326528 0.931764
vt 0.320734 0.813935
vt 0.403764 0.769256
vt 0.395919 0.954129
vt 0.372639 0.971177
vt 0.369966 0.963097
vt 0.602094 0.959676
vt 0.624409 0.968243
vt 0.627361 0.971177
vt 0.601875 0.954682
vt 0.615130 0.627778
vt 0.621094 0.610158
vt 0.680885 0.755313
vt 0.413322 0.949479
vt 0.397906 0.959676
vt 0.587981 0.953708
vt 0.585155 0.944533
vt 0.344286 0.979573
vt 0.339438 0.967984
vt 0.575735 0.745324
vt 0.587803 0.738116
vt 0.358051 0.979425
vt 0.343987 0.988768
vt 0.579631 0.926596
vt 0.568158 0.889344
vt 0.091495 0.786103
vt 0.696429 0.663069
vt 0.696429 0.649349
vt 0.699218 0.649533
vt 0.300316 0.915808
vt 0.424513 0.769029
vt 0.279438 0.897634
vt 0.442358 0.733377
vt 0.461730 0.718106
vt 0.449223 0.738817
vt 0.641949 0.979425
vt 0.639683 0.976738
vt 0.656013 0.988768
vt 0.657481 0.989736
vt 0.455614 0.714753
vt 0.479745 0.689768
vt 0.385573 0.729001
vt 0.397422 0.732159
vt 0.387138 0.744313
vt 0.303571 0.760098
vt 0.319983 0.773287
vt 0.303571 0.776768
vt 0.319423 0.757408
vt 0.348304 0.764562
vt 0.347048 0.750491
vt 0.369572 0.755908
vt 0.368279 0.741762
vt 0.304035 0.918954
vt 0.065353 0.786179
vt 0.305134 0.915912
vt 0.303571 0.918562
vt 0.573453 0.873863
vt 0.567090 0.885875
vt 0.534690 0.728016
vt 0.523039 0.742844
vt 0.510101 0.700835
vt 0.494048 0.668950
vt 0.494048 0.687364
vt 0.491179 0.696678
vt 0.692359 0.686113
vt 0.671230 0.666559
vt 0.695527 0.667445
vt 0.666982 0.685441
vt 0.646595 0.663914
vt 0.630675 0.645193
vt 0.625532 0.661426
vt 0.353968 0.971936
vt 0.271745 0.656872
vt 0.268271 0.616286
vt 0.534376 0.779655
vt 0.533084 0.775461
vt 0.549617 0.750745
vt 0.394943 0.714245
vt 0.407084 0.721837
vt 0.634950 0.628583
vt 0.439870 0.863277
vt 0.421260 0.884088
vt 0.604299 0.744519
vt 0.512923 0.698105
vt 0.506935 0.690554
vt 0.505952 0.687365
vt 0.523684 0.687620
vt 0.716149 0.667372
vt 0.696429 0.667442
vt 0.717911 0.649744
vt 0.675923 0.647996
vt 0.696429 0.631964
vt 0.705560 0.591541
vt 0.696429 0.591524
vt 0.696429 0.564197
vt 0.703699 0.613468
vt 0.696429 0.613253
vt 0.284490 0.508907
vt 0.303571 0.509254
vt 0.303571 0.563260
vt 0.311065 0.608650
vt 0.303571 0.610015
vt 0.289299 0.387425
vt 0.303571 0.388578
vt 0.303571 0.449855
vt 0.285318 0.449448
vt 0.714719 0.348951
vt 0.718034 0.384989
vt 0.700458 0.386107
vt 0.696429 0.349663
vt 0.696429 0.351461
vt 0.696220 0.349671
vt 0.693510 0.313451
vt 0.696429 0.313554
vt 0.696429 0.754133
vt 0.696429 0.781983
vt 0.696429 0.810917
vt 0.711090 0.727457
vt 0.696429 0.728650
vt 0.696429 0.706249
vt 0.708396 0.753226
vt 0.701850 0.632155
vt 0.286970 0.747645
vt 0.303571 0.745295
vt 0.286908 0.762925
vt 0.707440 0.563821
vt 0.696429 0.529101
vt 0.708714 0.528201
vt 0.696429 0.486170
vt 0.696429 0.431859
vt 0.705828 0.431941
vt 0.303571 0.278221
vt 0.303571 0.333486
vt 0.289960 0.331657
vt 0.310024 0.334353
vt 0.303571 0.222548
vt 0.291760 0.275200
vt 0.303571 0.164723
vt 0.294506 0.219967
vt 0.286579 0.074664
vt 0.275317 0.047546
vt 0.303571 0.044547
vt 0.303571 0.064012
vt 0.303571 0.015152
vt 0.318583 0.015152
vt 0.324262 0.018808
vt 0.314324 0.057272
vt 0.696429 0.685993
vt 0.287199 0.780241
vt 0.303571 0.795059
vt 0.696956 0.015152
vt 0.713048 0.046179
vt 0.696429 0.032689
vt 0.719379 0.027334
vt 0.715868 0.015152
vt 0.696429 0.083380
vt 0.303571 0.730291
vt 0.286320 0.734945
vt 0.677890 0.212620
vt 0.681607 0.147468
vt 0.696429 0.205860
vt 0.695637 0.213930
vt 0.692498 0.269853
vt 0.696429 0.213947
vt 0.696429 0.386178
vt 0.690357 0.431807
vt 0.696429 0.269899
vt 0.303571 0.110735
vt 0.297605 0.163051
vt 0.303571 0.709969
vt 0.476316 0.687620
vt 0.494048 0.661969
vt 0.544386 0.714753
vt 0.294987 0.651484
vt 0.696429 0.148441
vt 0.707866 0.085751
vt 0.557642 0.733377
vt 0.847300 0.015152
vt 0.741531 0.036024
vt 0.726714 0.015152
vt 0.734129 0.015152
vt 0.621927 0.029056
vt 0.619823 0.015152
vt 0.652700 0.015152
vt 0.726319 0.015550
vt 0.654544 0.028512
vt 0.685857 0.015152
vt 0.196429 0.015152
vt 0.765871 0.015152
vt 0.057021 0.015152
vt 0.291186 0.029891
vt 0.294907 0.015152
vt 0.354178 0.035765
vt 0.324800 0.015152
vt 0.941613 0.015152
vt 0.042479 0.057876
vt 0.039759 0.015152
vt 0.411879 0.058107
vt 0.415950 0.015152
vt 0.442979 0.015152
vt 0.544029 0.049019
vt 0.540009 0.015152
vt 0.558387 0.015152
vt 0.457521 0.057876
vt 0.440768 0.061873
vt 0.560442 0.039508
vt 0.586964 0.015152
vt 0.305627 0.563123
vt 0.304601 0.509273
vt 0.325231 0.511227
vt 0.346590 0.512542
vt 0.346239 0.564523
vt 0.326108 0.564562
vt 0.366725 0.509140
vt 0.366046 0.560200
vt 0.383819 0.556706
vt 0.394691 0.554357
vt 0.383886 0.505467
vt 0.607353 0.502279
vt 0.613526 0.496392
vt 0.609623 0.543137
vt 0.625007 0.533539
vt 0.642577 0.531447
vt 0.630873 0.489226
vt 0.591010 0.088192
vt 0.624755 0.084242
vt 0.651908 0.387247
vt 0.623114 0.350743
vt 0.645581 0.348803
vt 0.639806 0.610842
vt 0.627542 0.589751
vt 0.645005 0.589756
vt 0.651897 0.563345
vt 0.659290 0.530943
vt 0.635290 0.564047
vt 0.568391 0.750855
vt 0.646990 0.489121
vt 0.662848 0.489451
vt 0.678249 0.488172
vt 0.675207 0.530547
vt 0.691882 0.529435
vt 0.692556 0.486398
vt 0.724320 0.527799
vt 0.708520 0.485456
vt 0.479017 0.736169
vt 0.468972 0.768785
vt 0.461290 0.761508
vt 0.724138 0.485200
vt 0.737259 0.485971
vt 0.467797 0.772600
vt 0.267427 0.507854
vt 0.284177 0.564554
vt 0.267209 0.564268
vt 0.339575 0.950674
vt 0.393561 0.902161
vt 0.681325 0.950265
vt 0.664689 0.933201
vt 0.682602 0.612845
vt 0.664271 0.590361
vt 0.685497 0.591503
vt 0.610459 0.592455
vt 0.669826 0.563835
vt 0.688823 0.564458
vt 0.618257 0.566330
vt 0.384657 0.590930
vt 0.330859 0.606539
vt 0.348815 0.603360
vt 0.367915 0.597595
vt 0.377575 0.651160
vt 0.392066 0.658695
vt 0.384638 0.671047
vt 0.287679 0.612911
vt 0.366018 0.913021
vt 0.674939 0.432373
vt 0.658895 0.433836
vt 0.642518 0.435689
vt 0.369360 0.446813
vt 0.384130 0.445806
vt 0.349055 0.448613
vt 0.324950 0.449444
vt 0.303908 0.449863
vt 0.354323 0.390502
vt 0.383292 0.347196
vt 0.376078 0.393456
vt 0.329793 0.388441
vt 0.360525 0.341402
vt 0.401164 0.355907
vt 0.391425 0.398089
vt 0.334668 0.336668
vt 0.680020 0.349870
vt 0.668902 0.386467
vt 0.684199 0.386391
vt 0.631988 0.390180
vt 0.601051 0.355554
vt 0.683478 0.080697
vt 0.687012 0.025045
vt 0.562319 0.092975
vt 0.588349 0.032692
vt 0.745439 0.098946
vt 0.742521 0.149973
vt 0.723264 0.150670
vt 0.702023 0.148808
vt 0.275026 0.158737
vt 0.273662 0.108110
vt 0.657224 0.147281
vt 0.628943 0.148551
vt 0.656451 0.081631
vt 0.735809 0.266785
vt 0.735059 0.313945
vt 0.712838 0.270092
vt 0.713142 0.314148
vt 0.676249 0.312483
vt 0.658760 0.310746
vt 0.674852 0.267778
vt 0.639082 0.309248
vt 0.656256 0.265750
vt 0.608204 0.261938
vt 0.615733 0.309813
vt 0.585277 0.263857
vt 0.318833 0.168999
vt 0.343258 0.173383
vt 0.315236 0.225868
vt 0.367120 0.181139
vt 0.340672 0.229918
vt 0.393959 0.189827
vt 0.366319 0.235963
vt 0.424461 0.200577
vt 0.390449 0.243850
vt 0.316445 0.110569
vt 0.344126 0.121071
vt 0.371019 0.132552
vt 0.399225 0.141327
vt 0.429522 0.150170
vt 0.597123 0.150791
vt 0.568869 0.151034
vt 0.733388 0.348055
vt 0.663866 0.349278
vt 0.592827 0.312867
vt 0.583973 0.693675
vt 0.403733 0.705475
vt 0.411079 0.700026
vt 0.414714 0.714812
vt 0.714573 0.685457
vt 0.732312 0.685517
vt 0.732141 0.704717
vt 0.625862 0.748879
vt 0.659463 0.611663
vt 0.268615 0.448143
vt 0.306776 0.388837
vt 0.578118 0.209384
vt 0.602398 0.209419
vt 0.384706 0.049665
vt 0.347764 0.074788
vt 0.405248 0.098728
vt 0.435499 0.106107
vt 0.377425 0.088880
vt 0.275369 0.016545
vt 0.275672 0.015152
vt 0.273923 0.015152
vt 0.712939 0.705164
vt 0.399677 0.689415
vt 0.641582 0.681934
vt 0.366869 0.728921
vt 0.383669 0.715839
vt 0.345262 0.737887
vt 0.318550 0.743175
vt 0.392470 0.699406
vt 0.696429 0.015677
vt 0.389551 0.015152
vt 0.356793 0.015152
vt 0.357396 0.941824
vt 0.381179 0.934414
vt 0.580238 0.722264
vt 0.578591 0.724468
vt 0.581077 0.709655
vt 0.587178 0.676689
vt 0.592007 0.665582
vt 0.594304 0.651405
vt 0.599450 0.600500
vt 0.605086 0.574481
vt 0.611164 0.445638
vt 0.625344 0.438413
vt 0.601711 0.401955
vt 0.612381 0.395682
vt 0.589767 0.360300
vt 0.577671 0.316523
vt 0.568885 0.266202
vt 0.562402 0.209883
vt 0.556965 0.152205
vt 0.549963 0.097915
vt 0.453031 0.104867
vt 0.447302 0.155594
vt 0.418030 0.257755
vt 0.442728 0.208563
vt 0.434917 0.266819
vt 0.424002 0.318642
vt 0.410927 0.311588
vt 0.410572 0.361643
vt 0.399661 0.401622
vt 0.392500 0.446365
vt 0.392647 0.502279
vt 0.396060 0.585580
vt 0.397843 0.612140
vt 0.480084 0.732703
vt 0.402151 0.652304
vt 0.389229 0.640936
vt 0.395774 0.675345
vt 0.404627 0.668851
vt 0.407450 0.684050
vt 0.441440 0.764317
vt 0.418255 0.727945
vt 0.410444 0.736336
vt 0.428650 0.755692
vt 0.439733 0.749734
vt 0.422002 0.740852
vt 0.416497 0.750155
vt 0.739446 0.211581
vt 0.429128 0.749045
vt 0.424184 0.736773
vt 0.421409 0.724468
vt 0.418923 0.709655
vt 0.416027 0.693675
vt 0.273673 0.214742
vt 0.271420 0.270461
vt 0.270884 0.327299
vt 0.735725 0.433125
vt 0.734347 0.384037
vt 0.270882 0.075218
vt 0.262321 0.047635
vt 0.260426 0.036955
vt 0.259005 0.028814
vt 0.264773 0.035941
vt 0.740995 0.028814
vt 0.744236 0.031568
vt 0.412823 0.676689
vt 0.410201 0.660691
vt 0.745056 0.038724
vt 0.747911 0.075325
vt 0.271777 0.383814
vt 0.721681 0.432269
vt 0.724262 0.563186
vt 0.738017 0.528767
vt 0.738414 0.563470
vt 0.736787 0.590999
vt 0.722894 0.591011
vt 0.735248 0.613871
vt 0.401850 0.629504
vt 0.734513 0.633647
vt 0.719625 0.632187
vt 0.733808 0.650943
vt 0.732832 0.667783
vt 0.732020 0.726017
vt 0.400550 0.600500
vt 0.404039 0.623896
vt 0.731356 0.751264
vt 0.729543 0.779178
vt 0.728413 0.807740
vt 0.701220 0.810294
vt 0.394914 0.574481
vt 0.292667 0.110876
vt 0.605309 0.554357
vt 0.728720 0.093764
vt 0.607500 0.446365
vt 0.589428 0.361643
vt 0.600339 0.401622
vt 0.575998 0.318642
vt 0.565083 0.266819
vt 0.265945 0.015152
vt 0.557272 0.208563
vt 0.265871 0.015152
vt 0.731323 0.061254
vt 0.716473 0.214370
vt 0.312559 0.280519
vt 0.546969 0.104867
vt 0.552698 0.155594
vt 0.542479 0.057876
vt 0.726279 0.015152
vt 0.338074 0.285853
vt 0.364277 0.292893
vt 0.656133 0.210925
vt 0.255764 0.031568
vt 0.696429 0.841372
vt 0.704235 0.781459
vt 0.631294 0.209331
vt 0.539759 0.015152
vt 0.632920 0.263202
vt 0.387452 0.300458
vt 0.721419 0.613330
vt 0.619135 0.906869
vt 0.399654 0.750593
vt 0.330177 0.677499
vt 0.338354 0.703304
vt 0.313019 0.709104
vt 0.351217 0.670800
vt 0.367081 0.662236
vt 0.375159 0.685078
vt 0.316825 0.728577
vt 0.341520 0.920278
vt 0.360140 0.697266
vt 0.343000 0.724105
vt 0.389219 0.686101
vt 0.380240 0.702743
vt 0.679330 0.631365
vt 0.651432 0.646625
vt 0.579770 0.735249
vt 0.575816 0.736773
vt 0.364486 0.715681
vt 0.655796 0.629724
vt 0.320840 0.791708
vt 0.349492 0.782232
vt 0.570872 0.749045
vt 0.424265 0.745324
vt 0.431609 0.750855
vt 0.250000 0.032360
vt 0.750250 0.058541
vt 0.560267 0.749734
vt 0.594229 0.634383
vt 0.422999 0.918059
vt 0.431214 0.891384
vt 0.603940 0.585580
vt 0.696429 0.015152
vt 0.407371 0.644071
vt 0.405771 0.634383
vt 0.702782 0.897771
vt 0.657795 0.989951
vt 0.442869 0.853541
vt 0.412019 0.953708
vt 0.797218 0.897771
vt 0.812988 0.025045
vt 0.460241 0.015152
vt 0.107500 0.446365
vt 0.250000 0.056618
vt 0.250250 0.058541
vt 0.250000 0.060337
vt 0.505952 0.661969
vt 0.543884 0.810526
vt 0.068391 0.750855
vt 0.075735 0.745324
vt 0.095961 0.623896
vt 0.094229 0.634383
vt 0.896060 0.585580
vt 0.994048 0.661969
vt 0.955614 0.714753
vt 0.730242 0.904943
vt 0.184926 0.947582
vt 0.170712 1.003461
vt 0.161947 0.995184
vt 0.249750 0.058541
vt 0.767112 0.348500
vt 0.750000 0.299297
vt 0.773036 0.300952
vt 0.806571 0.349044
vt 0.797894 0.300999
vt 0.816869 0.301114
vt 0.828428 0.348836
vt 0.837756 0.301233
vt 0.849296 0.348076
vt 0.872460 0.299590
vt 0.864488 0.348325
vt 0.898975 0.299367
vt 0.900624 0.356244
vt 0.879849 0.350141
vt 0.089209 0.363868
vt 0.063646 0.303151
vt 0.063725 0.303339
vt 0.077905 0.298228
vt 0.114358 0.348233
vt 0.098668 0.358023
vt 0.136222 0.341120
vt 0.101708 0.289438
vt 0.127381 0.281955
vt 0.161129 0.336002
vt 0.153702 0.276664
vt 0.179854 0.274074
vt 0.204895 0.272913
vt 0.186449 0.333531
vt 0.227366 0.272092
vt 0.250000 0.325878
vt 0.228673 0.326654
vt 0.786961 0.348916
vt 0.208834 0.330926
vt 0.911829 0.362507
vt 0.921639 0.301235
vt 0.936354 0.303151
vt 0.693429 0.349044
vt 0.702106 0.300999
vt 0.713039 0.348916
vt 0.671572 0.348836
vt 0.683131 0.301114
vt 0.650704 0.348076
vt 0.662244 0.301233
vt 0.627540 0.299590
vt 0.635512 0.348325
vt 0.601025 0.299367
vt 0.620151 0.350141
vt 0.599376 0.356244
vt 0.410791 0.363868
vt 0.436354 0.303151
vt 0.411829 0.362507
vt 0.385642 0.348233
vt 0.422095 0.298228
vt 0.401332 0.358023
vt 0.398292 0.289438
vt 0.363778 0.341120
vt 0.372619 0.281955
vt 0.338871 0.336002
vt 0.346298 0.276664
vt 0.320146 0.274074
vt 0.313551 0.333531
vt 0.295105 0.272913
vt 0.291166 0.330926
vt 0.726964 0.300952
vt 0.732888 0.348500
vt 0.272633 0.272092
vt 0.250000 0.271916
vt 0.271327 0.326654
vt 0.750000 0.347839
vt 0.436275 0.303339
vt 0.588171 0.362507
vt 0.578361 0.301235
vt 0.377906 0.223237
vt 0.250000 0.217348
vt 0.122094 0.223237
vt 0.152367 0.219353
vt 0.641482 0.244941
vt 0.660496 0.245615
vt 0.775559 0.242849
vt 0.819677 0.244816
vt 0.839504 0.245615
vt 0.563646 0.303151
vt 0.569837 0.244284
vt 0.724441 0.242849
vt 0.400371 0.229245
vt 0.099629 0.229245
vt 0.750000 0.241468
vt 0.646779 0.300004
vt 0.930163 0.244284
vt 0.944916 0.244704
vt 0.858518 0.244941
vt 0.884800 0.244040
vt 0.298787 0.217465
vt 0.323376 0.217602
vt 0.802163 0.244076
vt 0.201213 0.217465
vt 0.274624 0.217388
vt 0.853221 0.300004
vt 0.446382 0.243002
vt 0.429408 0.236988
vt 0.070592 0.236988
vt 0.444916 0.244704
vt 0.591082 0.243860
vt 0.936275 0.303339
vt 0.946382 0.243002
vt 0.347633 0.219353
vt 0.176624 0.217602
vt 0.680323 0.244816
vt 0.225376 0.217388
vt 0.053618 0.243002
vt 0.615200 0.244040
vt 0.908918 0.243860
vt 0.697837 0.244076
vt 0.553618 0.243002
vt 0.548871 0.185843
vt 0.555084 0.244704
vt 0.951129 0.185843
vt 0.953990 0.182800
vt 0.278395 0.162927
vt 0.304340 0.161574
vt 0.221605 0.162927
vt 0.660525 0.185113
vt 0.678675 0.184735
vt 0.839475 0.185113
vt 0.608077 0.184535
vt 0.891923 0.184535
vt 0.918457 0.185139
vt 0.250000 0.163377
vt 0.562158 0.185835
vt 0.937842 0.185835
vt 0.329028 0.159968
vt 0.195660 0.161574
vt 0.638119 0.185097
vt 0.861881 0.185097
vt 0.750000 0.183187
vt 0.778552 0.183812
vt 0.351559 0.161559
vt 0.170972 0.159968
vt 0.721448 0.183812
vt 0.801334 0.184282
vt 0.453990 0.182800
vt 0.046010 0.182800
vt 0.065036 0.177358
vt 0.402755 0.170413
vt 0.097245 0.170413
vt 0.119888 0.164908
vt 0.434964 0.177358
vt 0.698666 0.184282
vt 0.821325 0.184735
vt 0.581543 0.185139
vt 0.380112 0.164908
vt 0.148441 0.161559
vt 0.439961 0.116395
vt 0.060039 0.116395
vt 0.092155 0.115254
vt 0.698267 0.116478
vt 0.801733 0.116478
vt 0.826037 0.116798
vt 0.572237 0.117521
vt 0.927763 0.117521
vt 0.947110 0.117421
vt 0.355425 0.113260
vt 0.383149 0.114050
vt 0.144575 0.113260
vt 0.546010 0.182800
vt 0.543419 0.117586
vt 0.956581 0.117586
vt 0.959040 0.117030
vt 0.281654 0.112968
vt 0.309206 0.112711
vt 0.218346 0.112968
vt 0.673963 0.116798
vt 0.847825 0.117063
vt 0.596205 0.117485
vt 0.903795 0.117485
vt 0.250000 0.113158
vt 0.552890 0.117421
vt 0.333149 0.112821
vt 0.190794 0.112711
vt 0.627376 0.117276
vt 0.872624 0.117276
vt 0.723295 0.116413
vt 0.750000 0.116368
vt 0.776705 0.116413
vt 0.652175 0.117063
vt 0.166851 0.112821
vt 0.459040 0.117030
vt 0.040960 0.117030
vt 0.407845 0.115254
vt 0.116851 0.114050
vt 0.420507 0.047115
vt 0.451982 0.049151
vt 0.079493 0.047115
vt 0.689248 0.050618
vt 0.810752 0.050618
vt 0.841865 0.050739
vt 0.561615 0.050803
vt 0.938385 0.050803
vt 0.953417 0.050049
vt 0.363476 0.046239
vt 0.390831 0.045518
vt 0.136524 0.046239
vt 0.540960 0.117030
vt 0.530195 0.050605
vt 0.030195 0.050605
vt 0.030320 0.050331
vt 0.283985 0.046546
vt 0.312090 0.046498
vt 0.216015 0.046546
vt 0.658135 0.050739
vt 0.864960 0.050909
vt 0.587258 0.051648
vt 0.912742 0.051648
vt 0.250000 0.046630
vt 0.546583 0.050049
vt 0.969805 0.050605
vt 0.335115 0.046560
vt 0.187910 0.046498
vt 0.614103 0.051194
vt 0.885897 0.051194
vt 0.750000 0.050407
vt 0.780398 0.050439
vt 0.635040 0.050909
vt 0.164885 0.046560
vt 0.719602 0.050439
vt 0.469680 0.050331
vt 0.048018 0.049151
vt 0.109169 0.045518
vt 0.879024 -0.000000
vt 0.851210 -0.000000
vt 0.900590 -0.000000
vt 0.918261 -0.000000
vt 0.216745 -0.000000
vt 0.250000 -0.000000
vt 0.283255 -0.000000
vt 0.599410 -0.000000
vt 0.620976 -0.000000
vt 0.581739 -0.000000
vt 0.679303 -0.000000
vt 0.714920 -0.000000
vt 0.750000 -0.000000
vt 0.820697 -0.000000
vt 0.956674 -0.000000
vt 0.945925 -0.000000
vt 0.311956 -0.000000
vt 0.648790 -0.000000
vt 0.426481 -0.000000
vt 0.399410 -0.000000
vt 0.785080 -0.000000
vt 0.024175 -0.000000
vt 0.026302 -0.000000
vt 0.340098 -0.000000
vt 0.073519 -0.000000
vt 0.100590 -0.000000
vt 0.128525 -0.000000
vt 0.554075 -0.000000
vt 0.043846 -0.000000
vt 0.524175 -0.000000
vt 0.543326 -0.000000
vt 0.159902 -0.000000
vt 0.371475 -0.000000
vt 0.469805 0.050605
vt 0.473698 -0.000000
vt 0.188044 -0.000000
vt 0.456154 -0.000000
vt 0.055084 0.244704
vt 0.563725 0.303339
vt 0.088171 0.362507
vt 0.475825 -0.000000
vt 0.975825 -0.000000
s 1
f 12/1/12 19/2/19 18/3/18
f 6/4/6 13/5/13 12/1/12
f 1/6/1 7/7/7 6/4/6
f 27/8/27 2/9/2 1/6/1
f 155/10/155 24/11/24 154/12/154
f 156/13/156 25/14/25 155/10/155
f 140/15/140 82/16/82 141/17/141
f 136/18/136 48/19/48 82/16/82
f 1138/20/1138 1153/21/1153 517/22/517
f 1161/23/1161 1139/24/1139 21/25/21
f 8/26/8 15/27/15 14/28/14
f 1149/29/1149 1145/30/1145 4/31/4
f 1145/30/1145 31/32/31 4/31/4
f 20/33/20 1308/34/1308 1307/35/1307
f 46/36/46 40/37/40 45/38/45
f 45/39/45 39/40/39 44/41/44
f 44/41/44 38/42/38 43/43/43
f 1197/44/1197 1198/45/1198 48/19/48
f 135/46/135 364/47/364 166/48/166
f 54/49/54 52/50/52 51/51/51
f 17/52/17 46/36/46 11/53/11
f 1324/54/1324 45/38/45 1323/55/1323
f 1323/56/1323 44/41/44 1318/57/1318
f 43/43/43 59/58/59 1315/59/1315
f 142/60/142 62/61/62 141/17/141
f 1316/62/1316 1315/59/1315 59/58/59
f 1252/63/1252 60/64/60 1253/65/1253
f 1164/66/1164 80/67/80 1167/68/1167
f 69/69/69 72/70/72 71/71/71
f 71/71/71 74/72/74 73/73/73
f 3/74/3 28/75/28 30/76/30
f 2/9/2 8/26/8 7/7/7
f 7/7/7 14/28/14 13/5/13
f 462/77/462 117/78/117 464/79/464
f 13/5/13 20/33/20 19/2/19
f 78/80/78 28/75/28 27/8/27
f 516/81/516 517/22/517 1153/21/1153
f 80/67/80 79/82/79 31/32/31
f 11/53/11 1324/54/1324 1326/83/1326
f 382/84/382 136/18/136 140/15/140
f 1264/85/1264 110/86/110 459/87/459
f 459/87/459 111/88/111 460/89/460
f 460/89/460 113/90/113 461/91/461
f 461/91/461 114/92/114 462/77/462
f 454/93/454 24/11/24 455/94/455
f 457/95/457 88/96/88 456/97/456
f 456/97/456 89/98/89 455/94/455
f 384/99/384 89/98/89 385/100/385
f 1180/101/1180 453/102/453 1186/103/1186
f 107/104/107 41/105/41 17/52/17
f 362/106/362 40/107/40 361/108/361
f 403/109/403 712/110/712 583/111/583
f 464/79/464 115/112/115 463/113/463
f 384/99/384 135/46/135 120/114/120
f 90/115/90 120/114/120 143/116/143
f 160/117/160 142/60/142 81/118/81
f 134/119/134 22/120/22 158/121/158
f 73/73/73 1251/122/1251 1250/123/1250
f 150/124/150 73/125/73 151/126/151
f 1342/127/1342 1317/128/1317 151/126/151
f 69/129/69 150/124/150 149/130/149
f 146/131/146 128/132/128 147/133/147
f 1207/134/1207 130/135/130 1199/136/1199
f 298/137/298 83/138/83 295/139/295
f 266/140/266 112/141/112 139/142/139
f 368/143/368 137/144/137 118/145/118
f 184/146/184 123/147/123 121/148/121
f 176/149/176 121/148/121 137/144/137
f 1171/150/1171 23/151/23 1172/152/1172
f 81/118/81 141/17/141 82/16/82
f 168/153/168 118/145/118 135/46/135
f 454/93/454 143/116/143 465/154/465
f 66/155/66 141/17/141 62/61/62
f 148/156/148 128/132/128 136/18/136
f 1336/157/1336 1331/158/1331 32/159/32
f 1334/160/1334 27/8/27 1327/161/1327
f 1/6/1 126/162/126 127/163/127
f 365/164/365 170/165/170 374/166/374
f 118/145/118 174/167/174 364/47/364
f 1271/168/1271 171/169/171 365/164/365
f 171/169/171 178/170/178 170/165/170
f 137/144/137 182/171/182 174/167/174
f 1255/172/1255 179/173/179 171/169/171
f 179/173/179 186/174/186 178/170/178
f 121/148/121 190/175/190 182/171/182
f 1256/176/1256 187/177/187 179/173/179
f 220/178/220 208/179/208 228/180/228
f 101/181/101 210/182/210 100/183/100
f 215/184/215 210/182/210 211/185/211
f 225/186/225 209/187/209 208/179/208
f 1272/188/1272 222/189/222 227/190/227
f 407/191/407 706/192/706 712/110/712
f 377/193/377 207/194/207 388/195/388
f 1265/196/1265 227/190/227 98/197/98
f 6/4/6 125/198/125 126/162/126
f 102/199/102 211/185/211 101/181/101
f 215/184/215 225/186/225 220/178/220
f 99/200/99 210/182/210 221/201/221
f 214/202/214 221/201/221 210/182/210
f 1297/203/1297 195/204/195 1258/205/1258
f 242/206/242 194/207/194 195/204/195
f 200/208/200 241/209/241 204/210/204
f 132/211/132 204/210/204 138/212/138
f 138/212/138 198/213/198 132/211/132
f 229/214/229 212/215/212 216/216/216
f 224/217/224 216/216/216 212/215/212
f 223/218/223 219/219/219 224/217/224
f 217/220/217 223/218/223 202/221/202
f 1273/222/1273 202/221/202 1298/223/1298
f 244/224/244 238/225/238 236/226/236
f 1274/227/1274 235/228/235 1299/229/1299
f 250/230/250 237/231/237 238/225/238
f 249/232/249 236/226/236 239/233/239
f 237/231/237 246/234/246 234/235/234
f 239/233/239 212/215/212 230/236/230
f 255/237/255 1287/238/1287 259/239/259
f 259/239/259 254/240/254 255/237/255
f 238/225/238 212/215/212 236/226/236
f 139/142/139 253/241/253 252/242/252
f 1266/243/1266 287/244/287 1284/245/1284
f 287/244/287 291/246/291 286/247/286
f 84/248/84 290/249/290 83/138/83
f 991/250/991 437/251/437 436/252/436
f 283/253/283 288/254/288 282/255/282
f 1284/245/1284 281/256/281 1293/257/1293
f 447/258/447 995/259/995 448/260/448
f 446/261/446 996/262/996 447/258/447
f 287/244/287 280/263/280 281/256/281
f 285/264/285 286/247/286 295/139/295
f 989/265/989 434/266/434 433/267/433
f 1288/268/1288 271/269/271 1278/270/1278
f 270/271/270 263/272/263 264/273/264
f 269/274/269 262/275/262 263/272/263
f 343/276/343 268/277/268 273/278/273
f 116/279/116 343/276/343 273/278/273
f 85/280/85 272/281/272 344/282/344
f 1259/283/1259 321/284/321 1289/285/1289
f 316/286/316 323/287/323 321/284/321
f 318/288/318 322/289/322 323/287/323
f 317/290/317 319/291/319 322/289/322
f 304/292/304 314/293/314 301/294/301
f 1289/285/1289 326/295/326 1275/296/1275
f 321/284/321 328/297/328 326/295/326
f 323/287/323 327/298/327 328/297/328
f 322/289/322 324/299/324 327/298/327
f 319/291/319 307/300/307 324/299/324
f 29/301/29 295/139/295 83/138/83
f 83/138/83 284/302/284 29/301/29
f 759/303/759 433/267/433 432/304/432
f 1267/305/1267 265/306/265 1288/268/1288
f 264/273/264 259/239/259 260/307/260
f 263/272/263 258/308/258 259/239/259
f 267/309/267 262/275/262 343/276/343
f 85/280/85 267/309/267 343/276/343
f 112/141/112 344/282/344 253/241/253
f 1338/310/1338 1337/311/1337 1155/312/1155
f 1198/45/1198 49/313/49 1208/314/1208
f 374/166/374 176/149/176 368/143/368
f 170/165/170 184/146/184 176/149/176
f 178/170/178 192/315/192 184/146/184
f 406/316/406 205/317/205 405/318/405
f 237/231/237 224/217/224 238/225/238
f 234/235/234 223/218/223 237/231/237
f 258/308/258 266/140/266 254/240/254
f 116/279/116 278/319/278 272/281/272
f 29/301/29 278/319/278 26/320/26
f 295/139/295 291/246/291 298/137/298
f 333/321/333 348/322/348 313/323/313
f 313/323/313 331/324/331 333/321/333
f 351/325/351 330/326/330 310/327/310
f 332/328/332 350/329/350 348/322/348
f 353/330/353 1030/331/1030 1038/332/1038
f 1038/332/1038 1039/333/1039 353/330/353
f 70/334/70 32/159/32 1331/158/1331
f 70/334/70 33/335/33 32/159/32
f 75/336/75 34/337/34 33/335/33
f 67/338/67 35/339/35 34/337/34
f 68/340/68 153/341/153 35/339/35
f 119/342/119 159/343/159 122/344/122
f 451/345/451 122/344/122 452/346/452
f 452/346/452 93/347/93 451/345/451
f 92/348/92 375/349/375 93/347/93
f 161/350/161 376/351/376 167/352/167
f 167/352/167 1209/353/1209 161/350/161
f 169/354/169 1209/353/1209 175/355/175
f 177/356/177 175/355/175 183/357/183
f 185/358/185 183/359/183 191/360/191
f 199/361/199 201/362/201 193/363/193
f 201/362/201 233/364/233 232/365/232
f 233/364/233 248/366/248 232/365/232
f 247/367/247 347/368/347 248/366/248
f 300/369/300 345/370/345 299/371/299
f 300/369/300 302/372/302 303/373/303
f 303/373/303 305/374/305 306/375/306
f 305/374/305 309/376/309 306/375/306
f 308/377/308 312/378/312 309/376/309
f 346/379/346 244/224/244 249/232/249
f 1267/305/1267 260/307/260 1287/238/1287
f 1007/380/1007 354/381/354 1045/382/1045
f 1314/383/1314 1276/384/1276 1227/385/1227
f 144/386/144 1294/387/1294 1309/388/1309
f 1280/389/1280 131/390/131 57/391/57
f 57/391/57 1285/392/1285 1280/389/1280
f 312/378/312 1027/393/1027 1032/394/1032
f 1231/395/1231 1330/396/1330 1340/397/1340
f 125/198/125 10/398/10 1232/399/1232
f 370/400/370 395/401/395 394/402/394
f 1181/403/1181 373/404/373 1187/405/1187
f 125/198/125 16/406/16 10/398/10
f 357/407/357 1224/408/1224 124/409/124
f 1285/392/1285 156/13/156 55/410/55
f 36/411/36 1268/412/1268 1261/413/1261
f 1140/414/1140 47/415/47 1156/416/1156
f 155/10/155 55/410/55 156/13/156
f 154/12/154 52/50/52 155/10/155
f 1213/417/1213 81/118/81 1208/314/1208
f 142/60/142 158/121/158 63/418/63
f 12/1/12 124/409/124 125/198/125
f 18/3/18 357/407/357 124/409/124
f 79/82/79 104/419/104 31/32/31
f 105/420/105 31/32/31 104/419/104
f 1149/29/1149 1146/421/1146 9/422/9
f 360/423/360 40/37/40 41/105/41
f 458/424/458 1290/425/1290 1300/426/1300
f 1262/427/1262 21/25/21 97/428/97
f 363/429/363 39/40/39 362/106/362
f 1290/425/1290 1252/63/1252 87/430/87
f 1311/431/1311 394/402/394 1310/432/1310
f 397/433/397 381/434/381 103/435/103
f 163/436/163 374/166/374 162/437/162
f 1151/438/1151 33/335/33 1157/439/1157
f 103/435/103 380/440/380 207/194/207
f 168/153/168 385/100/385 162/437/162
f 1181/403/1181 1216/441/1216 372/442/372
f 63/418/63 159/443/159 68/444/68
f 1263/445/1263 365/164/365 163/436/163
f 164/446/164 65/447/65 165/448/165
f 1180/101/1180 1182/449/1182 91/450/91
f 88/96/88 385/100/385 89/98/89
f 396/451/396 378/452/378 397/433/397
f 162/437/162 368/143/368 168/153/168
f 97/428/97 21/25/21 1139/24/1139
f 1146/421/1146 96/453/96 1141/454/1141
f 117/78/117 206/455/206 115/112/115
f 62/61/62 68/444/68 67/456/67
f 371/457/371 396/451/396 395/401/395
f 367/458/367 165/448/165 366/459/366
f 1187/405/1187 387/460/387 1195/461/1195
f 1301/462/1301 1302/463/1302 42/464/42
f 1195/461/1195 377/193/377 1200/465/1200
f 366/459/366 172/466/172 367/458/367
f 1200/465/1200 388/195/388 1211/467/1211
f 409/468/409 245/469/245 450/470/450
f 94/471/94 380/440/380 381/434/381
f 66/155/66 149/130/149 152/472/152
f 62/61/62 75/473/75 66/155/66
f 69/69/69 75/336/75 70/334/70
f 120/114/120 166/48/166 383/474/383
f 1171/150/1171 160/117/160 1213/417/1213
f 386/475/386 162/437/162 385/100/385
f 1253/65/1253 163/436/163 386/475/386
f 173/476/173 180/477/180 172/466/172
f 181/478/181 188/479/188 180/477/180
f 378/452/378 94/471/94 381/434/381
f 113/90/113 105/420/105 114/92/114
f 111/88/111 106/480/106 113/90/113
f 110/86/110 96/453/96 111/88/111
f 1254/481/1254 97/428/97 110/86/110
f 387/460/387 103/435/103 377/193/377
f 391/482/391 378/452/378 379/483/379
f 392/484/392 379/483/379 371/457/371
f 393/485/393 371/457/371 370/400/370
f 1311/431/1311 393/485/393 370/400/370
f 395/401/395 373/404/373 372/442/372
f 1312/486/1312 1214/487/1214 1310/432/1310
f 373/404/373 397/433/397 387/460/387
f 395/401/395 372/442/372 1216/441/1216
f 114/92/114 104/419/104 117/78/117
f 1140/414/1140 38/42/38 1152/488/1152
f 359/489/359 1152/488/1152 1158/490/1158
f 140/15/140 152/472/152 382/84/382
f 1197/44/1197 1173/491/1173 51/51/51
f 1199/136/1199 1173/491/1173 129/492/129
f 415/493/415 539/494/539 412/495/412
f 632/496/632 417/497/417 416/498/416
f 57/391/57 417/497/417 418/499/418
f 540/500/540 419/501/419 418/499/418
f 541/502/541 420/503/420 419/501/419
f 37/504/37 420/503/420 421/505/421
f 467/506/467 569/507/569 422/508/422
f 65/447/65 422/508/422 423/509/423
f 423/509/423 983/510/983 424/511/424
f 366/459/366 424/511/424 425/512/425
f 425/512/425 664/513/664 426/514/426
f 664/513/664 427/515/427 426/514/426
f 984/516/984 428/517/428 427/515/427
f 986/518/986 430/519/430 429/520/429
f 1298/223/1298 234/235/234 1299/229/1299
f 405/318/405 235/228/235 409/468/409
f 988/521/988 432/304/432 431/522/431
f 250/230/250 337/523/337 334/524/334
f 251/525/251 334/524/334 335/526/335
f 337/523/337 301/294/301 314/293/314
f 334/524/334 314/293/314 317/290/317
f 26/320/26 273/278/273 279/527/279
f 268/277/268 279/527/279 273/278/273
f 26/320/26 285/264/285 29/301/29
f 274/528/274 285/264/285 279/527/279
f 310/327/310 324/299/324 307/300/307
f 327/298/327 330/326/330 332/328/332
f 294/529/294 437/251/437 438/530/438
f 294/529/294 438/530/438 1474/531/1474
f 439/532/439 994/533/994 1475/534/1475
f 441/535/441 342/536/342 440/537/440
f 441/535/441 1004/538/1004 442/539/442
f 442/540/442 1001/541/1001 443/542/443
f 444/543/444 340/544/340 443/542/443
f 445/545/445 339/546/339 444/543/444
f 446/261/446 329/547/329 445/545/445
f 275/548/275 280/263/280 274/528/274
f 1269/549/1269 282/255/282 1293/257/1293
f 269/274/269 274/528/274 268/277/268
f 270/271/270 275/548/275 269/274/269
f 335/526/335 317/290/317 318/288/318
f 338/550/338 318/288/318 316/286/316
f 246/234/246 335/526/335 338/550/338
f 1274/227/1274 338/550/338 1291/551/1291
f 139/142/139 231/552/231 138/212/138
f 138/212/138 266/140/266 139/142/139
f 204/210/204 254/240/254 266/140/266
f 241/209/241 255/237/255 254/240/254
f 1297/203/1297 256/553/256 1283/554/1283
f 196/555/196 240/556/240 243/557/243
f 243/557/243 257/558/257 256/553/256
f 431/522/431 240/556/240 430/519/430
f 449/559/449 728/560/728 450/470/450
f 1291/551/1291 316/286/316 1259/283/1259
f 449/559/449 315/561/315 448/260/448
f 1278/270/1278 277/562/277 1270/563/1270
f 434/266/434 277/562/277 271/269/271
f 283/253/283 282/255/282 1269/549/1269
f 436/252/436 990/564/990 991/250/991
f 328/297/328 332/328/332 333/321/333
f 326/295/326 333/321/333 331/324/331
f 294/529/294 288/254/288 289/565/289
f 297/566/297 293/567/293 294/529/294
f 342/536/342 355/568/355 297/566/297
f 1018/569/1018 356/570/356 1046/571/1046
f 340/544/340 353/330/353 1039/333/1039
f 353/330/353 339/546/339 352/572/352
f 1296/573/1296 331/324/331 1260/574/1260
f 1296/573/1296 326/295/326 331/324/331
f 1401/575/1401 1400/576/1400 398/577/398
f 1421/578/1421 400/579/400 1417/580/1417
f 1154/581/1154 1162/582/1162 401/583/401
f 1174/584/1174 402/585/402 466/586/466
f 227/190/227 403/109/403 98/197/98
f 227/190/227 408/587/408 407/191/407
f 436/252/436 289/565/289 283/253/283
f 320/588/320 448/260/448 315/561/315
f 325/589/325 447/258/447 320/588/320
f 433/267/433 271/269/271 265/306/265
f 432/304/432 265/306/265 261/590/261
f 705/591/705 405/318/405 694/592/694
f 1201/593/1201 515/594/515 1417/580/1417
f 871/595/871 414/596/414 897/597/897
f 856/598/856 403/109/403 583/111/583
f 727/599/727 450/470/450 728/560/728
f 1218/600/1218 404/601/404 402/585/402
f 1175/602/1175 1188/603/1188 413/604/413
f 897/597/897 410/605/410 856/598/856
f 1189/606/1189 412/495/412 1202/607/1202
f 416/498/416 131/390/131 144/386/144
f 418/499/418 619/608/619 540/500/540
f 418/499/418 58/609/58 57/391/57
f 419/501/419 157/610/157 58/609/58
f 514/611/514 420/503/420 647/612/647
f 467/506/467 86/613/86 458/424/458
f 1005/614/1005 422/508/422 569/507/569
f 423/509/423 165/448/165 65/447/65
f 1006/615/1006 424/511/424 983/510/983
f 425/512/425 173/476/173 366/459/366
f 426/514/426 181/478/181 173/476/173
f 181/478/181 428/517/428 189/616/189
f 197/617/197 430/519/430 240/556/240
f 727/599/727 405/318/405 409/468/409
f 257/558/257 432/304/432 261/590/261
f 438/530/438 992/618/992 993/619/993
f 994/533/994 1474/531/1474 993/619/993
f 1476/620/1476 439/532/439 1475/534/1475
f 441/535/441 1003/621/1003 1002/622/1002
f 341/623/341 442/539/442 356/624/356
f 356/570/356 443/542/443 340/544/340
f 444/543/444 1001/541/1001 1000/625/1000
f 998/626/998 444/543/444 1000/625/1000
f 997/627/997 445/545/445 998/626/998
f 987/628/987 431/522/431 430/519/430
f 336/629/336 450/470/450 245/469/245
f 999/630/999 448/260/448 995/259/995
f 770/631/770 435/632/435 434/266/434
f 283/253/283 435/632/435 436/252/436
f 33/335/33 34/337/34 80/67/80
f 34/337/34 79/82/79 80/67/80
f 35/339/35 206/455/206 79/82/79
f 115/112/115 153/341/153 119/342/119
f 463/113/463 93/347/93 95/633/95
f 375/349/375 95/633/95 93/347/93
f 380/440/380 161/350/161 207/194/207
f 388/195/388 161/350/161 369/634/369
f 1210/635/1210 209/187/209 1211/467/1211
f 169/354/169 208/179/208 209/187/209
f 177/356/177 228/180/228 208/179/208
f 193/636/193 230/236/230 229/214/229
f 230/236/230 232/637/232 239/233/239
f 239/233/239 248/638/248 249/232/249
f 249/232/249 347/639/347 346/379/346
f 300/640/300 346/379/346 347/639/347
f 301/294/301 303/641/303 304/292/304
f 304/292/304 306/642/306 307/300/307
f 307/300/307 309/643/309 310/327/310
f 309/643/309 351/325/351 310/327/310
f 308/377/308 296/644/296 311/645/311
f 305/374/305 290/249/290 308/377/308
f 302/372/302 284/302/284 305/374/305
f 299/371/299 278/319/278 302/372/302
f 299/371/299 344/282/344 272/281/272
f 253/241/253 345/370/345 247/367/247
f 252/242/252 247/367/247 233/364/233
f 231/552/231 233/364/233 203/646/203
f 198/213/198 203/646/203 199/361/199
f 191/360/191 182/171/182 190/175/190
f 183/359/183 174/167/174 182/171/182
f 364/47/364 175/647/175 389/648/389
f 1190/649/1190 1193/650/1193 167/651/167
f 1203/652/1203 166/48/166 1190/649/1190
f 91/450/91 1203/652/1203 92/653/92
f 453/102/453 92/653/92 452/654/452
f 122/655/122 158/121/158 22/120/22
f 1223/656/1223 1222/657/1222 64/658/64
f 64/658/64 1225/659/1225 1223/656/1223
f 1225/659/1225 47/415/47 1235/660/1235
f 1241/661/1241 147/133/147 1235/660/1235
f 1228/662/1228 146/131/146 1241/661/1241
f 1313/663/1313 144/386/144 1309/388/1309
f 1202/607/1202 1204/664/1204 56/665/56
f 416/498/416 539/494/539 632/496/632
f 1226/666/1226 16/406/16 1224/408/1224
f 10/398/10 1226/666/1226 1229/667/1229
f 1229/667/1229 1232/399/1232 10/398/10
f 1040/668/1040 348/322/348 1013/669/1013
f 1013/669/1013 350/329/350 1023/670/1023
f 84/248/84 1047/671/1047 1034/672/1034
f 1014/673/1014 1303/674/1303 1305/675/1305
f 1019/676/1019 1017/677/1017 349/678/349
f 390/679/390 464/79/464 94/471/94
f 1295/680/1295 459/87/459 393/485/393
f 393/485/393 460/89/460 392/484/392
f 392/484/392 461/91/461 391/482/391
f 391/482/391 462/77/462 390/679/390
f 90/115/90 455/94/455 89/98/89
f 36/411/36 456/97/456 25/14/25
f 25/14/25 455/94/455 24/11/24
f 1177/681/1177 465/154/465 1186/103/1186
f 464/79/464 95/633/95 94/471/94
f 1172/152/1172 1177/681/1177 133/682/133
f 37/504/37 1300/426/1300 1261/413/1261
f 421/505/421 963/683/963 467/506/467
f 1188/603/1188 466/586/466 413/604/413
f 421/505/421 458/424/458 37/504/37
f 119/342/119 463/113/463 115/112/115
f 22/120/22 452/654/452 122/655/122
f 994/533/994 993/619/993 1472/531/1472
f 994/533/994 1003/621/1003 440/537/440
f 796/684/796 841/685/841 944/686/944
f 1477/620/1477 796/684/796 1473/534/1473
f 297/566/297 1476/620/1476 1475/534/1475
f 342/536/342 297/566/297 440/537/440
f 884/687/884 1440/688/1440 1438/689/1438
f 559/690/559 641/691/641 884/687/884
f 1248/692/1248 1205/693/1205 1240/694/1240
f 362/106/362 471/695/471 363/429/363
f 468/696/468 472/697/472 1240/694/1240
f 363/429/363 471/695/471 469/698/469
f 1150/699/1150 1159/700/1159 469/698/469
f 559/690/559 1438/689/1438 1456/701/1456
f 1143/702/1143 1458/703/1458 1439/704/1439
f 637/705/637 1442/706/1442 1440/688/1440
f 493/707/493 593/708/593 1441/709/1441
f 1444/710/1444 493/707/493 1441/709/1441
f 637/705/637 636/711/636 1443/712/1443
f 530/713/530 527/714/527 1443/712/1443
f 493/707/493 1444/710/1444 1446/715/1446
f 1101/716/1101 1454/717/1454 1445/718/1445
f 487/719/487 1446/715/1446 1449/720/1449
f 1122/721/1122 487/719/487 481/722/481
f 1121/723/1121 1122/721/1122 481/722/481
f 471/695/471 1466/724/1466 1447/725/1447
f 1150/699/1150 469/698/469 1447/725/1447
f 1128/726/1128 481/722/481 1448/727/1448
f 1450/728/1450 1468/729/1468 1425/730/1425
f 533/731/533 530/713/530 1451/732/1451
f 858/733/858 1239/734/1239 1470/735/1470
f 919/736/919 858/733/858 1470/735/1470
f 1431/737/1431 1106/738/1106 1453/739/1453
f 1405/740/1405 1431/737/1431 1453/739/1453
f 1452/741/1452 634/742/634 1405/740/1405
f 1101/716/1101 860/743/860 1453/739/1453
f 1454/717/1454 1101/716/1101 1453/739/1453
f 468/696/468 1457/744/1457 1469/745/1469
f 1306/746/1306 1464/747/1464 1457/744/1457
f 979/748/979 1459/749/1459 1458/703/1458
f 1184/750/1184 1462/751/1462 1459/749/1459
f 1306/746/1306 1150/699/1150 1463/752/1463
f 470/753/470 1465/754/1465 1466/724/1466
f 470/755/470 1361/756/1361 1467/757/1467
f 1361/756/1361 476/758/476 1471/759/1471
f 1467/757/1467 1361/756/1361 1471/759/1471
f 475/760/475 474/761/474 1426/762/1426
f 476/758/476 475/760/475 1383/763/1383
f 499/764/499 500/765/500 1424/766/1424
f 1384/767/1384 499/764/499 1424/766/1424
f 650/768/650 622/769/622 1385/770/1385
f 1384/767/1384 650/768/650 1385/770/1385
f 1385/770/1385 1429/771/1429 971/772/971
f 1368/773/1368 475/760/475 476/758/476
f 1352/774/1352 475/760/475 1364/775/1364
f 958/776/958 499/764/499 1385/770/1385
f 588/777/588 701/778/701 1387/779/1387
f 587/780/587 588/777/588 1386/781/1386
f 1387/779/1387 1422/782/1422 870/783/870
f 896/784/896 1408/785/1408 1388/786/1388
f 964/787/964 1388/786/1388 1416/788/1416
f 621/789/621 498/790/498 957/791/957
f 1429/771/1429 621/789/621 1390/792/1390
f 1352/774/1352 109/793/109 1360/794/1360
f 1412/795/1412 474/761/474 473/796/473
f 1390/792/1390 1402/797/1402 631/798/631
f 878/799/878 657/800/657 1409/801/1409
f 1380/802/1380 1351/803/1351 1411/804/1411
f 1236/805/1236 1380/802/1380 1411/804/1411
f 1351/803/1351 1381/806/1381 1436/807/1436
f 615/808/615 528/809/528 1394/810/1394
f 616/811/616 615/808/615 1420/812/1420
f 1368/813/1368 476/814/476 1361/815/1361
f 1394/810/1394 1395/816/1395 532/817/532
f 532/817/532 531/818/531 1394/810/1394
f 528/809/528 565/819/565 1404/820/1404
f 1395/816/1395 528/809/528 1404/820/1404
f 1396/821/1396 1420/812/1420 534/822/534
f 534/822/534 617/823/617 1396/821/1396
f 634/742/634 635/824/635 1396/821/1396
f 1403/825/1403 634/742/634 1396/821/1396
f 596/826/596 1416/788/1416 1397/827/1397
f 916/828/916 1398/829/1398 633/830/633
f 920/831/920 916/828/916 633/830/633
f 1445/718/1445 536/832/536 1398/829/1398
f 1468/729/1468 1445/718/1445 1398/829/1398
f 633/830/633 1399/833/1399 1431/737/1431
f 1286/834/1286 399/835/399 1400/576/1400
f 1401/575/1401 1281/836/1281 1286/834/1286
f 1153/21/1153 1138/20/1138 1355/837/1355
f 1400/576/1400 1432/838/1432 1153/21/1153
f 1355/837/1355 398/577/398 1400/576/1400
f 1281/836/1281 1401/575/1401 1437/839/1437
f 1402/797/1402 1407/840/1407 885/841/885
f 607/842/607 631/798/631 1402/797/1402
f 1404/820/1404 1424/766/1424 643/843/643
f 918/844/918 1419/845/1419 1406/846/1406
f 871/595/871 915/847/915 1408/785/1408
f 896/784/896 871/595/871 1408/785/1408
f 656/848/656 1409/801/1409 891/849/891
f 891/849/891 865/850/865 656/848/656
f 1236/805/1236 1434/851/1434 1412/795/1412
f 1414/852/1414 1084/853/1084 1418/854/1418
f 1084/853/1084 585/855/585 1418/854/1418
f 1086/856/1086 1084/853/1084 1414/852/1414
f 1087/857/1087 522/858/522 1415/859/1415
f 1176/860/1176 1201/593/1201 1417/580/1417
f 404/601/404 1176/860/1176 1417/580/1417
f 516/81/516 1421/578/1421 1417/580/1417
f 585/855/585 586/861/586 1423/862/1423
f 914/863/914 1087/857/1087 1430/864/1430
f 918/844/918 914/863/914 1430/864/1430
f 1154/581/1154 401/583/401 1421/578/1421
f 586/861/586 587/780/587 1427/865/1427
f 399/835/399 1154/581/1154 1433/866/1433
f 1377/867/1377 1219/868/1219 1178/869/1178
f 1142/870/1142 1138/20/1138 1377/867/1377
f 1178/869/1178 902/871/902 1142/870/1142
f 496/872/496 1365/873/1365 1345/874/1345
f 490/875/490 496/872/496 1345/874/1345
f 485/876/485 491/877/491 1346/878/1346
f 864/879/864 518/880/518 1347/881/1347
f 530/713/530 533/731/533 1347/881/1347
f 1273/222/1273 226/882/226 217/220/217
f 408/587/408 213/883/213 406/316/406
f 406/316/406 706/192/706 408/587/408
f 429/520/429 985/884/985 986/518/986
f 429/520/429 189/616/189 428/517/428
f 189/616/189 196/555/196 188/479/188
f 1257/885/1257 195/204/195 187/177/187
f 187/177/187 194/207/194 186/174/186
f 200/208/200 186/174/186 194/207/194
f 132/211/132 192/315/192 200/208/200
f 123/147/123 198/213/198 190/175/190
f 190/175/190 199/361/199 191/360/191
f 193/363/193 191/360/191 199/361/199
f 185/886/185 229/214/229 228/180/228
f 228/180/228 216/216/216 220/178/220
f 219/219/219 220/178/220 216/216/216
f 214/202/214 219/219/219 218/887/218
f 218/887/218 226/882/226 214/202/214
f 1348/888/1348 1370/889/1370 506/890/506
f 484/891/484 485/876/485 1353/892/1353
f 479/893/479 484/891/484 1353/892/1353
f 523/894/523 542/895/542 1349/896/1349
f 544/897/544 527/714/527 1349/896/1349
f 1353/892/1353 1350/898/1350 592/899/592
f 591/900/591 480/901/480 1353/892/1353
f 357/407/357 108/902/108 1381/806/1381
f 357/407/357 1351/803/1351 1380/802/1380
f 474/761/474 1352/774/1352 1360/794/1360
f 107/104/107 1352/774/1352 1364/775/1364
f 1088/903/1088 903/904/903 1354/905/1354
f 1089/906/1089 1088/903/1088 1366/907/1366
f 903/904/903 1219/868/1219 1378/908/1378
f 1401/575/1401 398/577/398 1356/909/1356
f 1437/839/1437 1401/575/1401 1357/910/1357
f 561/911/561 560/912/560 1363/913/1363
f 1134/914/1134 561/911/561 1358/915/1358
f 1083/916/1083 1359/917/1359 1373/918/1373
f 860/743/860 1101/716/1101 1083/916/1083
f 1083/916/1083 1242/919/1242 1379/920/1379
f 1234/921/1234 1380/802/1380 1360/794/1360
f 361/108/361 1368/813/1368 1361/815/1361
f 362/106/362 361/108/361 470/753/470
f 547/922/547 544/897/544 1375/923/1375
f 1125/924/1125 547/922/547 1375/923/1375
f 361/925/361 360/423/360 1364/775/1364
f 1374/926/1374 1365/873/1365 496/872/496
f 904/927/904 1096/928/1096 1374/926/1374
f 1366/907/1366 905/929/905 904/927/904
f 504/930/504 506/890/506 1371/931/1371
f 1369/932/1369 560/912/560 504/930/504
f 108/902/108 1282/933/1282 1382/934/1382
f 1155/312/1155 1337/311/1337 1316/62/1316
f 1156/416/1156 1155/312/1155 1316/62/1316
f 1317/128/1317 1321/935/1321 150/124/150
f 74/72/74 1319/936/1319 1343/937/1343
f 72/70/72 1333/938/1333 1319/936/1319
f 1322/939/1322 1320/940/1320 152/472/152
f 152/472/152 149/130/149 1322/939/1322
f 1321/935/1321 1322/939/1322 149/130/149
f 1/6/1 127/163/127 1335/941/1335
f 27/8/27 1/6/1 1335/941/1335
f 1222/657/1222 1341/942/1341 1328/943/1328
f 64/658/64 1328/943/1328 1338/310/1338
f 61/944/61 64/658/64 1338/310/1338
f 76/945/76 1332/946/1332 1341/942/1341
f 1339/947/1339 1336/157/1336 32/159/32
f 151/126/151 73/125/73 1344/948/1344
f 1342/127/1342 151/126/151 1344/948/1344
f 60/64/60 1252/63/1252 86/613/86
f 86/613/86 65/447/65 60/64/60
f 1252/63/1252 1253/65/1253 386/475/386
f 88/96/88 87/430/87 1252/63/1252
f 60/64/60 164/446/164 1263/445/1263
f 402/585/402 404/601/404 1262/427/1262
f 466/586/466 402/585/402 1254/481/1254
f 172/466/172 180/477/180 1256/176/1256
f 367/458/367 172/466/172 1255/172/1255
f 180/477/180 188/479/188 1257/885/1257
f 188/479/188 196/555/196 1258/205/1258
f 243/557/243 1297/203/1297 1258/205/1258
f 336/629/336 1291/551/1291 1259/283/1259
f 315/561/315 1259/283/1259 1289/285/1289
f 329/547/329 1296/573/1296 1260/574/1260
f 339/546/339 329/547/329 1260/574/1260
f 349/678/349 1017/677/1017 1260/574/1260
f 1260/574/1260 331/324/331 349/678/349
f 1261/413/1261 1300/426/1300 457/95/457
f 1261/413/1261 1268/412/1268 157/610/157
f 404/601/404 400/579/400 1292/949/1292
f 164/446/164 367/458/367 1271/168/1271
f 413/604/413 466/586/466 1264/85/1264
f 99/200/99 221/201/221 1272/188/1272
f 293/567/293 1012/950/1012 1266/243/1266
f 355/568/355 1031/951/1031 1012/950/1012
f 293/567/293 355/568/355 1012/950/1012
f 293/567/293 1266/243/1266 1284/245/1284
f 261/590/261 1267/305/1267 1287/238/1287
f 257/558/257 261/590/261 256/553/256
f 260/307/260 1267/305/1267 1288/268/1288
f 58/609/58 157/610/157 1268/412/1268
f 1269/549/1269 1293/257/1293 281/256/281
f 275/548/275 276/952/276 1269/549/1269
f 270/271/270 1278/270/1278 1270/563/1270
f 221/201/221 226/882/226 1277/953/1277
f 213/883/213 222/189/222 1277/953/1277
f 205/317/205 213/883/213 1273/222/1273
f 245/469/245 1274/227/1274 1291/551/1291
f 246/234/246 1274/227/1274 1299/229/1299
f 329/547/329 325/589/325 1275/296/1275
f 320/588/320 1289/285/1289 1275/296/1275
f 56/665/56 1276/384/1276 1314/383/1314
f 1227/385/1227 1276/384/1276 1313/663/1313
f 1228/662/1228 1227/385/1227 1194/954/1194
f 1194/954/1194 145/955/145 1228/662/1228
f 264/273/264 1288/268/1288 1278/270/1278
f 1279/956/1279 1306/746/1306 468/696/468
f 1238/957/1238 1314/383/1314 1279/956/1279
f 1280/389/1280 1285/392/1285 55/410/55
f 54/49/54 130/135/130 1294/387/1294
f 1281/836/1281 1282/933/1282 108/902/108
f 19/2/19 1286/834/1286 1281/836/1281
f 242/206/242 1297/203/1297 1283/554/1283
f 288/254/288 1284/245/1284 1293/257/1293
f 19/2/19 20/33/20 1307/35/1307
f 1300/426/1300 1290/425/1290 87/430/87
f 1162/582/1162 1308/34/1308 400/579/400
f 400/579/400 401/583/401 1162/582/1162
f 1194/954/1194 1309/388/1309 1294/387/1294
f 1207/134/1207 1194/954/1194 1294/387/1294
f 1175/602/1175 413/604/413 1295/680/1295
f 1215/958/1215 1175/602/1175 1295/680/1295
f 235/228/235 205/317/205 1298/223/1298
f 410/605/410 1302/463/1302 1301/462/1301
f 98/197/98 403/109/403 410/605/410
f 410/605/410 414/596/414 1312/486/1312
f 1302/463/1302 410/605/410 1312/486/1312
f 1214/487/1214 1215/958/1215 1311/431/1311
f 1312/486/1312 1310/432/1310 394/402/394
f 76/945/76 1222/657/1222 382/84/382
f 382/84/382 152/472/152 76/945/76
f 1223/656/1223 1225/659/1225 148/156/148
f 17/52/17 1226/666/1226 1224/408/1224
f 107/104/107 17/52/17 1224/408/1224
f 148/156/148 1225/659/1225 1235/660/1235
f 1229/667/1229 1226/666/1226 17/52/17
f 1276/384/1276 56/665/56 1204/664/1204
f 1279/956/1279 1314/383/1314 1227/385/1227
f 359/489/359 1279/956/1279 1227/385/1227
f 53/959/53 1228/662/1228 1241/661/1241
f 1232/399/1232 1229/667/1229 11/53/11
f 5/960/5 1232/399/1232 11/53/11
f 1326/83/1326 1325/961/1325 5/960/5
f 1470/735/1470 1435/962/1435 1230/963/1230
f 1450/728/1450 1470/735/1470 978/964/978
f 127/163/127 126/162/126 1231/395/1231
f 1340/397/1340 1329/965/1329 127/163/127
f 1233/966/1233 1242/919/1242 1083/916/1083
f 1247/967/1247 1233/966/1233 974/968/974
f 1380/802/1380 1236/805/1236 473/796/473
f 50/969/50 1241/661/1241 1235/660/1235
f 1237/970/1237 1244/971/1244 977/972/977
f 1359/917/1359 1379/920/1379 1237/970/1237
f 858/733/858 415/493/415 1248/692/1248
f 1239/734/1239 858/733/858 1248/692/1248
f 1248/692/1248 1240/694/1240 472/697/472
f 1460/973/1460 1461/974/1461 1248/692/1248
f 1189/606/1189 1246/975/1246 1240/694/1240
f 1244/971/1244 1243/976/1243 976/977/976
f 976/978/976 1243/979/1243 1245/980/1245
f 23/151/23 1171/150/1171 1213/417/1213
f 24/11/24 23/151/23 1213/417/1213
f 160/117/160 1171/150/1171 1172/152/1172
f 134/119/134 160/117/160 1172/152/1172
f 454/93/454 465/154/465 1172/152/1172
f 1172/152/1172 23/151/23 454/93/454
f 54/49/54 51/51/51 1173/491/1173
f 1199/136/1199 130/135/130 54/49/54
f 128/132/128 129/492/129 1173/491/1173
f 48/19/48 128/132/128 1197/44/1197
f 896/784/896 964/787/964 1174/584/1174
f 964/787/964 596/826/596 1218/600/1218
f 871/595/871 896/784/896 1188/603/1188
f 411/981/411 871/595/871 1188/603/1188
f 596/826/596 582/982/582 1176/860/1176
f 133/682/133 1177/681/1177 1186/103/1186
f 22/120/22 133/682/133 453/102/453
f 1191/983/1191 1178/869/1178 1088/903/1088
f 1088/903/1088 1082/984/1082 1191/983/1191
f 981/985/981 1185/986/1185 1179/987/1179
f 120/114/120 383/474/383 1180/101/1180
f 1180/101/1180 143/116/143 120/114/120
f 143/116/143 1180/101/1180 1186/103/1186
f 1265/196/1265 1216/441/1216 1181/403/1181
f 1301/462/1301 42/464/42 1216/441/1216
f 1265/196/1265 1301/462/1301 1216/441/1216
f 99/200/99 1181/403/1181 1187/405/1187
f 1458/703/1458 1459/749/1459 1183/988/1183
f 1160/989/1160 1458/703/1458 1183/988/1183
f 982/990/982 1192/991/1192 1185/986/1185
f 100/183/100 1187/405/1187 1195/461/1195
f 1246/975/1246 1189/606/1189 1202/607/1202
f 1238/957/1238 1246/975/1246 1202/607/1202
f 376/992/376 1203/652/1203 1190/649/1190
f 389/648/389 1193/650/1193 1190/649/1190
f 166/48/166 364/47/364 389/648/389
f 1082/984/1082 1108/993/1108 1221/994/1221
f 1249/995/1249 1192/991/1192 982/990/982
f 1163/996/1163 1245/980/1245 1249/995/1249
f 101/181/101 1195/461/1195 1200/465/1200
f 1160/989/1160 1196/997/1196 1220/998/1220
f 52/50/52 49/313/49 1198/45/1198
f 1197/44/1197 51/51/51 52/50/52
f 48/19/48 1198/45/1198 1208/314/1208
f 82/16/82 48/19/48 1208/314/1208
f 145/955/145 1207/134/1207 1199/136/1199
f 146/131/146 145/955/145 1199/136/1199
f 102/199/102 1200/465/1200 1211/467/1211
f 1397/827/1397 908/999/908 1206/1000/1206
f 1201/593/1201 1397/827/1397 1206/1000/1206
f 412/495/412 416/498/416 144/386/144
f 1202/607/1202 412/495/412 144/386/144
f 516/81/516 515/594/515 1206/1000/1206
f 154/12/154 1213/417/1213 1208/314/1208
f 369/634/369 1210/635/1210 1211/467/1211
f 1354/905/1354 1378/908/1378 1212/1001/1212
f 1302/463/1302 1312/486/1312 1217/1002/1217
f 414/596/414 411/981/411 1215/958/1215
f 20/33/20 14/28/14 1139/24/1139
f 1161/23/1161 20/33/20 1139/24/1139
f 50/969/50 1140/414/1140 1152/488/1152
f 43/43/43 1140/414/1140 1156/416/1156
f 9/422/9 1146/421/1146 1141/454/1141
f 980/1003/980 979/748/979 1143/702/1143
f 495/1004/495 488/1005/488 494/1006/494
f 489/1007/489 482/1008/482 488/1005/488
f 483/1009/483 477/1010/477 482/1008/482
f 478/1011/478 503/1012/503 477/1010/477
f 644/1013/644 500/765/500 501/1014/501
f 645/1015/645 501/1014/501 512/1016/512
f 565/819/565 628/1017/628 629/1018/629
f 624/1019/624 528/809/528 615/808/615
f 1458/703/1458 1160/989/1160 857/1020/857
f 1365/873/1365 497/1021/497 1345/874/1345
f 491/877/491 484/891/484 490/875/490
f 1348/888/1348 1353/892/1353 480/901/480
f 1348/888/1348 507/1022/507 1370/889/1370
f 1096/928/1096 1365/873/1365 1374/926/1374
f 526/1023/526 520/1024/520 521/1025/521
f 525/1026/525 519/1027/519 520/1028/520
f 524/1029/524 518/880/518 519/1027/519
f 1394/810/1394 528/809/528 1395/816/1395
f 623/1030/623 865/850/865 605/1031/605
f 534/822/534 532/817/532 535/1032/535
f 526/1023/526 493/707/493 487/719/487
f 1112/1033/1112 525/1034/525 526/1023/526
f 1133/1035/1133 524/1029/524 525/1026/525
f 523/894/523 524/1029/524 1129/1036/1129
f 1144/1037/1144 1165/1038/1165 593/708/593
f 545/1039/545 630/1040/630 629/1018/629
f 862/1041/862 1148/1042/1148 1144/1037/1144
f 1113/1043/1113 1114/1044/1114 542/895/542
f 30/76/30 1166/1045/1166 1145/30/1145
f 8/26/8 3/74/3 1149/29/1149
f 9/422/9 8/26/8 1149/29/1149
f 1053/1046/1053 1054/1047/1054 543/1048/543
f 105/420/105 106/480/106 1149/29/1149
f 1149/29/1149 4/31/4 105/420/105
f 1191/983/1191 1221/994/1221 1168/1049/1168
f 1369/932/1369 1371/931/1371 563/1050/563
f 902/871/902 1191/983/1191 1147/1051/1147
f 552/1052/552 555/1053/555 553/1054/553
f 862/1055/862 863/1056/863 976/977/976
f 1148/1057/1148 862/1055/862 1163/1058/1163
f 359/489/359 1159/700/1159 1306/746/1306
f 554/1059/554 557/1060/557 555/1053/555
f 1306/746/1306 1279/956/1279 359/489/359
f 1334/160/1334 1339/947/1339 1151/438/1151
f 479/893/479 504/930/504 478/1011/478
f 478/1011/478 484/891/484 479/893/479
f 483/1009/483 490/875/490 484/891/484
f 968/1061/968 604/1062/604 601/1063/601
f 489/1007/489 496/872/496 490/875/490
f 504/930/504 561/911/561 503/1012/503
f 1212/1001/1212 1377/867/1377 516/81/516
f 507/1022/507 563/1050/563 1371/931/1371
f 1112/1033/1112 487/719/487 1122/721/1122
f 78/80/78 1151/438/1151 1157/439/1157
f 363/429/363 1158/490/1158 1152/488/1152
f 1286/834/1286 1307/35/1307 1162/582/1162
f 399/835/399 1286/834/1286 1154/581/1154
f 61/944/61 1155/312/1155 1156/416/1156
f 624/1019/624 884/687/884 628/1017/628
f 1062/1064/1062 597/1065/597 1090/1066/1090
f 965/1067/965 598/1068/598 597/1065/597
f 966/1069/966 600/1070/600 598/1068/598
f 967/1071/967 601/1063/601 600/1070/600
f 857/1020/857 1160/989/1160 1169/1072/1169
f 1292/949/1292 1308/34/1308 1161/23/1161
f 1164/66/1164 1167/68/1167 28/75/28
f 28/75/28 77/1073/77 1164/66/1164
f 958/776/958 500/765/500 499/764/499
f 594/1074/594 1169/1072/1169 1170/1075/1170
f 1362/1076/1362 1349/896/1349 1114/1044/1114
f 1126/1077/1126 1362/1076/1362 1114/1044/1114
f 639/1078/639 1118/1079/1118 1115/1080/1115
f 557/1060/557 1052/1081/1052 1136/1082/1136
f 555/1053/555 557/1060/557 1116/1083/1116
f 961/1084/961 572/1085/572 571/1086/571
f 960/1087/960 573/1088/573 572/1085/572
f 886/1089/886 573/1088/573 574/1090/574
f 957/791/957 1402/797/1402 1390/792/1390
f 593/708/593 521/1025/521 861/1091/861
f 520/1028/520 863/1056/863 862/1055/862
f 907/1092/907 712/110/712 911/1093/911
f 641/691/641 559/690/559 1117/1094/1117
f 1119/1095/1119 638/1096/638 641/691/641
f 638/1096/638 1119/1095/1119 1118/1079/1118
f 970/1097/970 602/1098/602 604/1062/604
f 886/1089/886 623/1030/623 658/1099/658
f 477/1010/477 503/1012/503 1124/1100/1124
f 614/1101/614 477/1010/477 1124/1100/1124
f 1438/689/1438 547/922/547 1125/924/1125
f 574/1090/574 607/842/607 886/1089/886
f 630/1040/630 650/768/650 564/1102/564
f 640/1103/640 1135/1104/1135 1137/1105/1137
f 622/769/622 498/790/498 621/789/621
f 556/1106/556 640/1103/640 1137/1105/1137
f 570/1107/570 1102/1108/1102 1053/1046/1053
f 543/1048/543 548/1109/548 570/1107/570
f 572/1085/572 888/1110/888 1053/1046/1053
f 1053/1046/1053 571/1086/571 572/1085/572
f 543/1048/543 1054/1047/1054 1061/1111/1061
f 662/1112/662 1055/1113/1055 1063/1114/1063
f 868/1115/868 1091/1116/1091 1055/1113/1055
f 707/1117/707 1098/1118/1098 1056/1119/1056
f 716/1120/716 1104/1121/1104 1056/1119/1056
f 732/1122/732 1099/1123/1099 1057/1124/1057
f 697/1125/697 1057/1124/1057 1098/1118/1098
f 758/1126/758 754/1127/754 753/1128/753
f 1058/1129/1058 758/1126/758 1085/1130/1085
f 757/1131/757 762/1132/762 1093/1133/1093
f 535/1032/535 1069/1134/1069 1059/1135/1059
f 534/822/534 1059/1135/1059 1080/1136/1080
f 646/1137/646 1060/1138/1060 1070/1139/1070
f 538/1140/538 1069/1134/1069 1060/1138/1060
f 654/1141/654 1061/1111/1061 1091/1116/1091
f 917/1142/917 1073/1143/1073 1062/1064/1062
f 972/1144/972 1062/1064/1062 1090/1066/1090
f 671/1145/671 1063/1114/1063 1064/1146/1064
f 679/1147/679 1064/1146/1064 1065/1148/1065
f 1065/1148/1065 1097/1149/1097 740/1150/740
f 1103/1151/1103 1066/1152/1066 742/1153/742
f 1099/1123/1099 1066/1152/1066 743/1154/743
f 1067/1155/1067 1103/1151/1103 835/1156/835
f 1100/1157/1100 1067/1155/1067 814/1158/814
f 828/1159/828 838/1160/838 1068/1161/1068
f 1107/1162/1107 828/1159/828 1068/1161/1068
f 1068/1161/1068 1110/1163/1110 1024/1164/1024
f 848/1165/848 830/1166/830 1068/1161/1068
f 961/1084/961 1094/1167/1094 1070/1139/1070
f 906/1168/906 1090/1066/1090 1071/1169/1071
f 908/999/908 1071/1169/1071 1096/928/1096
f 1020/1170/1020 792/1171/792 1072/1172/1072
f 854/1173/854 792/1171/792 1020/1170/1020
f 1042/1174/1042 854/1173/854 1020/1170/1020
f 1092/1175/1092 1072/1172/1072 792/1171/792
f 1406/846/1406 1081/1176/1081 1073/1143/1073
f 1428/1177/1428 1406/846/1406 1073/1143/1073
f 774/1178/774 780/1179/780 1074/1180/1074
f 1074/1180/1074 775/1181/775 774/1178/774
f 768/1182/768 775/1181/775 1075/1183/1075
f 1076/1184/1076 1097/1149/1097 739/1185/739
f 762/1132/762 768/1182/768 1077/1186/1077
f 828/1159/828 1107/1162/1107 1078/1187/1078
f 1078/1187/1078 1100/1157/1100 819/1188/819
f 1403/825/1403 617/823/617 1080/1136/1080
f 1405/740/1405 1403/825/1403 1080/1136/1080
f 1419/845/1419 1095/1189/1095 1081/1176/1081
f 594/1074/594 1108/993/1108 1082/984/1082
f 1082/984/1082 1088/903/1088 495/1004/495
f 1052/1081/1052 556/1190/556 1051/1191/1051
f 639/1078/639 556/1106/556 554/1192/554
f 974/968/974 1083/916/1083 1101/716/1101
f 585/855/585 1084/853/1084 1104/1121/1104
f 584/1193/584 1086/856/1086 914/863/914
f 914/863/914 907/1092/907 584/1193/584
f 495/1004/495 1088/903/1088 1089/906/1089
f 1105/1194/1105 1092/1175/1092 787/1195/787
f 1135/1104/1135 640/1103/640 1115/1080/1115
f 571/1086/571 1102/1108/1102 1094/1167/1094
f 639/1078/639 552/1196/552 638/1096/638
f 1454/717/1454 1106/738/1106 536/832/536
f 354/381/354 1007/380/1007 1031/951/1031
f 1014/673/1014 1008/1197/1008 291/246/291
f 1008/1197/1008 1047/671/1047 298/137/298
f 840/1198/840 841/685/841 1009/1199/1009
f 1025/1200/1025 840/1198/840 1009/1199/1009
f 797/1201/797 1011/1202/1011 1016/1203/1016
f 853/1204/853 854/1173/854 1042/1174/1042
f 790/1205/790 1016/1203/1016 1022/1206/1022
f 1304/1207/1304 1030/331/1030 352/572/352
f 341/623/341 1018/1208/1018 1045/382/1045
f 342/536/342 341/623/341 1045/382/1045
f 313/323/313 1040/668/1040 1019/676/1019
f 1028/1209/1028 1023/670/1023 350/329/350
f 851/1210/851 1041/1211/1041 1110/1163/1110
f 812/1212/812 848/1165/848 1026/1213/1026
f 1033/1214/1033 1027/393/1027 311/645/311
f 312/1215/312 1032/1216/1032 1028/1209/1028
f 849/1217/849 1029/1218/1029 1036/1219/1036
f 1034/672/1034 1033/1214/1033 296/644/296
f 810/1220/810 1035/1221/1035 1044/1222/1044
f 811/1223/811 850/1224/850 1036/1219/1036
f 795/1225/795 1044/1222/1044 1037/1226/1037
f 721/1227/721 711/1228/711 713/1229/713
f 714/1230/714 709/1231/709 708/1232/708
f 714/1230/714 710/1233/710 715/1234/715
f 723/1235/723 715/1234/715 710/1233/710
f 676/1236/676 723/1235/723 724/1237/724
f 635/824/635 615/808/615 616/811/616
f 1403/825/1403 1396/821/1396 617/823/617
f 684/1238/684 690/1239/690 682/1240/682
f 681/1241/681 682/1240/682 690/1239/690
f 610/1242/610 681/1241/681 689/1243/689
f 566/1244/566 797/1201/797 794/1245/794
f 764/1246/764 599/1247/599 765/1248/765
f 869/1249/869 625/1250/625 667/1251/667
f 675/1252/675 610/1242/610 683/1253/683
f 667/1251/667 608/1254/608 675/1252/675
f 1384/767/1384 1385/770/1385 499/764/499
f 629/1018/629 564/1102/564 565/819/565
f 658/1099/658 605/1031/605 869/1249/869
f 958/776/958 631/798/631 574/1090/574
f 629/1018/629 549/1255/549 545/1039/545
f 615/808/615 637/705/637 624/1019/624
f 620/1256/620 691/1257/691 683/1253/683
f 691/1257/691 685/1258/685 677/1259/677
f 678/1260/678 677/1259/677 685/1258/685
f 1064/1146/1064 678/1260/678 686/1261/686
f 680/1262/680 679/1147/679 687/1263/687
f 1130/1264/1130 1120/1265/1120 508/1266/508
f 680/1262/680 688/1267/688 933/1268/933
f 1376/1269/1376 508/1266/508 1120/1265/1120
f 933/1268/933 986/518/986 985/884/985
f 1134/914/1134 503/1012/503 561/911/561
f 706/192/706 705/591/705 910/1270/910
f 707/1117/707 717/1271/717 912/1272/912
f 1098/1118/1098 711/1228/711 721/1227/721
f 1184/750/1184 979/748/979 980/1003/980
f 1165/1038/1165 1143/702/1143 595/1273/595
f 981/985/981 980/1003/980 1165/1038/1165
f 613/1274/613 477/1010/477 614/1101/614
f 1148/1042/1148 982/990/982 981/985/981
f 975/1275/975 977/972/977 864/879/864
f 1372/1276/1372 1373/918/1373 975/1275/975
f 866/1277/866 660/1278/660 661/1279/661
f 605/1031/605 665/1280/665 625/1250/625
f 1091/1116/1091 661/1279/661 1055/1113/1055
f 661/1279/661 669/1281/669 670/1282/670
f 625/1250/625 673/1283/673 608/1254/608
f 1055/1113/1055 670/1282/670 1063/1114/1063
f 670/1282/670 677/1259/677 678/1260/678
f 608/1254/608 681/1241/681 610/1242/610
f 1063/1114/1063 678/1260/678 1064/1146/1064
f 700/1284/700 715/1234/715 723/1235/723
f 587/780/587 702/1285/702 703/1286/703
f 702/1285/702 709/1231/709 703/1286/703
f 701/778/701 720/1287/720 700/1284/700
f 1104/1121/1104 717/1271/717 1056/1119/1056
f 911/1093/911 706/192/706 912/1272/912
f 879/1288/879 699/1289/699 589/1290/589
f 1084/853/1084 722/1291/722 1104/1121/1104
f 612/1292/612 482/1008/482 613/1274/613
f 703/1286/703 588/777/588 587/780/587
f 709/1231/709 720/1287/720 703/1286/703
f 585/855/585 702/1285/702 586/861/586
f 716/1120/716 708/1232/708 702/1285/702
f 686/1261/686 1097/1149/1097 1065/1148/1065
f 685/1258/685 739/1185/739 686/1261/686
f 691/1257/691 738/1293/738 685/1258/685
f 696/1294/696 620/1256/620 626/1295/626
f 689/1243/689 626/1295/626 620/1256/620
f 724/1237/724 704/1296/704 725/1297/725
f 719/1298/719 710/1233/710 714/1230/714
f 718/1299/718 714/1230/714 713/1229/713
f 718/1299/718 711/1228/711 693/1300/693
f 693/1300/693 1098/1118/1098 1057/1124/1057
f 735/1301/735 741/1302/741 733/1303/733
f 732/1122/732 1066/1152/1066 1099/1123/1099
f 734/1304/734 747/1305/747 735/1301/735
f 733/1303/733 746/1306/746 736/1307/736
f 734/1304/734 743/1154/743 748/1308/748
f 704/1296/704 736/1307/736 725/1297/725
f 756/1309/756 757/1131/757 1085/1130/1085
f 751/1310/751 756/1309/756 752/1311/752
f 735/1301/735 704/1296/704 719/1298/719
f 627/1312/627 750/1313/750 599/1247/599
f 786/1314/786 1072/1172/1072 1092/1175/1092
f 786/1314/786 790/1205/790 791/1315/791
f 789/1316/789 567/1317/567 566/1244/566
f 941/1318/941 991/250/991 940/1319/940
f 787/1195/787 782/1320/782 781/1321/781
f 780/1179/780 1092/1175/1092 1105/1194/1105
f 951/1322/951 995/259/995 996/262/996
f 950/1323/950 996/262/996 997/627/997
f 779/1324/779 786/1314/786 780/1179/780
f 784/1325/784 785/1326/785 779/1324/779
f 938/1327/938 989/265/989 937/1328/937
f 1093/1133/1093 769/1329/769 763/1330/763
f 761/1331/761 768/1182/768 762/1132/762
f 760/1332/760 767/1333/767 761/1331/761
f 842/1334/842 766/1335/766 760/1332/760
f 603/1336/603 842/1334/842 568/1337/568
f 568/1337/568 771/1338/771 603/1336/603
f 820/1339/820 1067/1155/1067 1100/1157/1100
f 822/1340/822 815/1341/815 820/1339/820
f 821/1342/821 817/1343/817 822/1340/822
f 818/1344/818 816/1345/816 821/1342/821
f 803/1346/803 813/1347/813 818/1344/818
f 825/1348/825 1100/1157/1100 1078/1187/1078
f 827/1349/827 820/1339/820 825/1348/825
f 826/1350/826 822/1340/822 827/1349/827
f 823/1351/823 821/1342/821 826/1350/826
f 818/1344/818 806/1352/806 803/1346/803
f 794/1245/794 505/1353/505 566/1244/566
f 783/1354/783 566/1244/566 505/1353/505
f 937/1328/937 759/303/759 936/1355/936
f 1058/1129/1058 763/1330/763 758/1126/758
f 756/1309/756 762/1132/762 757/1131/757
f 1450/728/1450 978/964/978 974/968/974
f 755/1356/755 761/1331/761 756/1309/756
f 765/1248/765 760/1332/760 755/1356/755
f 568/1337/568 765/1248/765 599/1247/599
f 599/1247/599 843/1357/843 568/1337/568
f 1468/729/1468 1450/728/1450 974/968/974
f 977/972/977 976/977/976 863/1056/863
f 956/1358/956 957/791/957 498/790/498
f 969/1359/969 955/1360/955 606/1361/606
f 962/1362/962 973/1363/973 925/1364/925
f 1408/785/1408 917/1142/917 972/1144/972
f 925/1364/925 973/1363/973 963/683/963
f 1395/816/1395 1404/820/1404 529/1365/529
f 876/1366/876 667/1251/667 660/1278/660
f 660/1278/660 675/1252/675 669/1281/669
f 669/1281/669 683/1253/683 677/1259/677
f 697/1125/697 910/1270/910 909/1367/909
f 734/1304/734 719/1298/719 718/1299/718
f 731/1368/731 718/1299/718 693/1300/693
f 764/1246/764 755/1356/755 751/1310/751
f 603/1336/603 777/1369/777 502/1370/502
f 777/1369/777 505/1353/505 502/1370/502
f 790/1205/790 794/1245/794 797/1201/797
f 847/1371/847 832/1372/832 812/1212/812
f 830/1166/830 812/1212/812 832/1372/832
f 829/1373/829 850/1224/850 809/1374/809
f 849/1217/849 831/1375/831 847/1371/847
f 1041/1211/1041 852/1376/852 1048/1377/1048
f 1049/1378/1049 1048/1377/1048 852/1376/852
f 1094/1167/1094 962/1362/962 513/1379/513
f 579/1380/579 969/1359/969 970/1097/970
f 501/1014/501 500/765/500 959/1381/959
f 512/1016/512 501/1014/501 960/1087/960
f 574/1090/574 573/1088/573 959/1381/959
f 893/1382/893 892/1383/892 968/1061/968
f 894/1384/894 893/1382/893 967/1071/967
f 895/1385/895 894/1384/894 966/1069/966
f 1073/1143/1073 895/1385/895 965/1067/965
f 892/1383/892 578/1386/578 970/1097/970
f 1109/1387/1109 791/1315/791 1022/1206/1022
f 1011/1202/1011 797/1201/797 567/1317/567
f 1021/1388/1021 1029/1218/1029 849/1217/849
f 1050/1389/1050 1021/1388/1021 847/1371/847
f 1444/710/1444 492/1390/492 486/1391/486
f 920/831/920 632/496/632 539/494/539
f 1399/833/1399 536/832/536 1106/738/1106
f 1452/741/1452 1451/732/1451 635/824/635
f 1451/732/1451 1443/712/1443 636/711/636
f 1442/706/1442 1443/712/1443 527/714/527
f 1442/706/1442 544/897/544 547/922/547
f 648/1392/648 649/1393/649 609/1394/609
f 576/1395/576 575/1396/575 957/791/957
f 575/1396/575 576/1395/576 1392/1397/1392
f 1392/1397/1392 1407/840/1407 575/1396/575
f 1392/1397/1392 1409/801/1409 656/848/656
f 666/1398/666 665/1280/665 865/850/865
f 665/1280/665 666/1398/666 674/1399/674
f 673/1283/673 674/1399/674 682/1240/682
f 695/1400/695 726/1401/726 689/1243/689
f 730/1402/730 749/1403/749 726/1401/726
f 744/1404/744 750/1313/750 749/1403/749
f 844/1405/844 843/1357/843 750/1313/750
f 843/1357/843 844/1405/844 798/1406/798
f 798/1406/798 801/1407/801 777/1369/777
f 801/1407/801 804/1408/804 783/1354/783
f 804/1408/804 807/1409/807 789/1316/789
f 807/1409/807 810/1220/810 795/1225/795
f 850/1224/850 811/1223/811 808/1410/808
f 806/1352/806 809/1374/809 808/1410/808
f 803/1346/803 806/1352/806 805/1411/805
f 800/1412/800 803/1346/803 802/1413/802
f 799/1414/799 846/1415/846 845/1416/845
f 746/1306/746 845/1416/845 846/1415/846
f 736/1307/736 746/1306/746 745/1417/745
f 725/1297/725 736/1307/736 729/1418/729
f 725/1297/725 692/1419/692 684/1420/684
f 723/1235/723 676/1236/676 668/1421/668
f 700/1284/700 668/1421/668 659/1422/659
f 701/778/701 659/1422/659 1422/782/1422
f 553/1054/553 555/1053/555 1132/1423/1132
f 651/1424/651 699/1289/699 890/1425/890
f 882/1426/882 699/1289/699 651/1424/651
f 877/1427/877 577/1428/577 579/1380/579
f 509/1429/509 553/1054/553 508/1266/508
f 969/1359/969 579/1380/579 577/1428/577
f 642/1430/642 698/1431/698 602/1098/602
f 510/1432/510 558/1433/558 509/1429/509
f 698/1431/698 642/1430/642 511/1434/511
f 562/1435/562 511/1434/511 510/1432/510
f 563/1050/563 510/1432/510 509/1429/509
f 1363/913/1363 1369/932/1369 563/1050/563
f 782/1320/782 940/1319/940 939/1436/939
f 770/631/770 938/1327/938 939/1436/939
f 511/1434/511 550/1437/550 510/1432/510
f 551/1438/551 642/1430/642 649/1439/649
f 649/1439/649 606/1361/606 609/1440/609
f 955/1360/955 609/1440/609 606/1361/606
f 577/1428/577 956/1441/956 955/1360/955
f 952/1442/952 953/1443/953 999/630/999
f 835/1156/835 742/1153/742 954/1444/954
f 987/628/987 934/1445/934 935/1446/935
f 997/627/997 998/626/998 949/1447/949
f 998/626/998 1000/625/1000 948/1448/948
f 1001/541/1001 947/1449/947 948/1448/948
f 855/1450/855 839/1451/839 947/1449/947
f 840/1198/840 855/1452/855 946/1453/946
f 576/1454/576 877/1427/877 878/1455/878
f 1003/621/1003 944/686/944 945/1456/945
f 992/618/992 941/1318/941 942/1457/942
f 754/1127/754 758/1126/758 936/1355/936
f 727/599/727 913/1458/913 909/1367/909
f 688/1267/688 737/1459/737 934/1445/934
f 672/1460/672 680/1262/680 932/1461/932
f 651/1424/651 878/1455/878 877/1427/877
f 672/1460/672 931/1462/931 930/1463/930
f 663/1464/663 930/1463/930 929/1465/929
f 651/1424/651 870/783/870 1391/1466/1391
f 1006/615/1006 983/510/983 928/1467/928
f 655/1468/655 928/1467/928 927/1469/927
f 1005/614/1005 569/507/569 926/1470/926
f 570/1107/570 926/1470/926 973/1363/973
f 514/611/514 647/612/647 924/1471/924
f 666/1472/666 891/1473/891 1391/1466/1391
f 646/1137/646 924/1471/924 923/1474/923
f 538/1140/538 923/1474/923 922/1475/922
f 619/608/619 921/1476/921 922/1475/922
f 618/1477/618 921/1476/921 920/831/920
f 1425/730/1425 1398/829/1398 916/828/916
f 914/863/914 918/844/918 897/597/897
f 1416/788/1416 906/1168/906 908/999/908
f 954/1444/954 913/1458/913 727/599/727
f 666/1472/666 668/1421/668 674/1478/674
f 907/1092/907 914/863/914 856/598/856
f 918/844/918 915/847/915 871/595/871
f 909/1367/909 910/1270/910 705/591/705
f 763/1330/763 937/1328/937 936/1355/936
f 769/1329/769 938/1327/938 937/1328/937
f 824/1479/824 819/1188/819 951/1322/951
f 674/1399/674 676/1480/676 682/1240/682
f 819/1188/819 814/1158/814 952/1442/952
f 788/1481/788 941/1318/941 940/1319/940
f 722/1291/722 911/1093/911 912/1272/912
f 907/1092/907 911/1093/911 722/1291/722
f 1388/786/1388 972/1144/972 906/1168/906
f 692/1482/692 690/1239/690 684/1238/684
f 692/1482/692 730/1402/730 695/1400/695
f 745/1483/745 730/1402/730 729/1484/729
f 1212/1001/1212 1206/1000/1206 904/927/904
f 1107/1162/1107 830/1166/830 825/1348/825
f 852/1376/852 851/1210/851 838/1160/838
f 1049/1378/1049 852/1376/852 839/1451/839
f 846/1485/846 744/1404/744 745/1483/745
f 844/1405/844 799/1486/799 798/1406/798
f 1010/1487/1010 1049/1378/1049 855/1450/855
f 799/1486/799 801/1407/801 798/1406/798
f 802/1488/802 804/1408/804 801/1407/801
f 1025/1489/1025 1010/1487/1010 855/1450/855
f 841/685/841 796/684/796 854/1173/854
f 796/684/796 793/1490/793 792/1171/792
f 793/1490/793 788/1481/788 787/1195/787
f 832/1372/832 827/1349/827 825/1348/825
f 831/1375/831 826/1350/826 827/1349/827
f 940/1319/940 991/250/991 990/564/990
f 1074/1180/1074 781/1321/781 782/1320/782
f 1075/1183/1075 1074/1180/1074 776/1491/776
f 938/1327/938 769/1329/769 776/1491/776
f 1077/1186/1077 1075/1183/1075 776/1491/776
f 814/1158/814 835/1156/835 953/1443/953
f 815/1341/815 837/1492/837 1103/1151/1103
f 953/1443/953 954/1444/954 728/560/728
f 737/1459/737 754/1127/754 935/1446/935
f 754/1127/754 737/1459/737 740/1150/740
f 687/1263/687 740/1150/740 737/1459/737
f 753/1128/753 740/1150/740 1097/1149/1097
f 752/1311/752 739/1185/739 738/1293/738
f 751/1310/751 738/1293/738 696/1294/696
f 808/1493/808 804/1408/804 805/1494/805
f 811/1495/811 807/1409/807 808/1493/808
f 764/1246/764 696/1294/696 626/1295/626
f 726/1401/726 749/1403/749 627/1312/627
f 741/1302/741 845/1416/845 746/1306/746
f 1058/1129/1058 1085/1130/1085 757/1131/757
f 837/1492/837 743/1154/743 1066/1152/1066
f 1015/1496/1015 1009/1199/1009 853/1204/853
f 1454/717/1454 1453/739/1453 1106/738/1106
f 834/1497/834 748/1308/748 743/1154/743
f 817/1343/817 834/1497/834 837/1492/837
f 816/1345/816 833/1498/833 834/1497/834
f 768/1182/768 767/1333/767 774/1178/774
f 767/1333/767 766/1335/766 773/1499/773
f 774/1178/774 773/1499/773 779/1324/779
f 950/1323/950 949/1447/949 828/1159/828
f 949/1447/949 948/1448/948 838/1160/838
f 948/1448/948 947/1449/947 839/1451/839
f 946/1500/946 947/1449/947 1001/541/1001
f 945/1456/945 946/1453/946 1004/538/1004
f 945/1456/945 944/686/944 841/685/841
f 944/686/944 1003/621/1003 994/533/994
f 1472/531/1472 942/1457/942 793/1490/793
f 1477/620/1477 1472/531/1472 796/684/796
f 941/1318/941 788/1481/788 793/1490/793
f 1080/1136/1080 633/830/633 1079/1501/1079
f 1059/1135/1059 618/1477/618 1080/1136/1080
f 1069/1134/1069 537/1502/537 1059/1135/1059
f 829/1373/829 823/1351/823 826/1350/826
f 823/1351/823 829/1373/829 809/1374/809
f 784/1325/784 779/1324/779 773/1499/773
f 784/1325/784 778/1503/778 502/1370/502
f 778/1503/778 773/1499/773 766/1335/766
f 1035/1221/1035 811/1495/811 1043/1504/1043
f 502/1370/502 778/1503/778 772/1505/772
f 813/1347/813 836/1506/836 833/1498/833
f 836/1506/836 813/1347/813 800/1412/800
f 833/1498/833 747/1305/747 748/1308/748
f 836/1506/836 741/1302/741 747/1305/747
f 936/1355/936 759/303/759 988/521/988
f 732/1122/732 697/1125/697 909/1367/909
f 731/1368/731 693/1300/693 1057/1124/1057
f 934/1445/934 987/628/987 986/518/986
f 932/1461/932 985/884/985 984/516/984
f 931/1462/931 984/516/984 664/513/664
f 929/1465/929 930/1463/930 664/513/664
f 928/1467/928 655/1468/655 867/1507/867
f 927/1469/927 928/1467/928 983/510/983
f 926/1470/926 570/1107/570 548/1109/548
f 973/1363/973 926/1470/926 569/507/569
f 924/1471/924 646/1137/646 513/1379/513
f 924/1471/924 647/612/647 541/502/541
f 923/1474/923 541/502/541 540/500/540
f 921/1476/921 618/1477/618 537/1502/537
f 921/1476/921 619/608/619 632/496/632
f 919/736/919 916/828/916 539/494/539
f 628/1017/628 884/687/884 641/691/641
f 1347/881/1347 533/731/533 860/743/860
f 1367/1508/1367 1347/881/1347 518/880/518
f 601/1063/601 604/1062/604 590/1509/590
f 1414/852/1414 874/1510/874 899/1511/899
f 1448/727/1448 613/1274/613 614/1101/614
f 613/1274/613 1449/720/1449 612/1292/612
f 1415/859/1415 1414/852/1414 898/1512/898
f 875/1513/875 889/1514/889 901/1515/901
f 899/1511/899 872/1516/872 898/1512/898
f 1418/854/1418 875/1513/875 874/1510/874
f 492/1390/492 612/1292/612 486/1391/486
f 611/1517/611 492/1390/492 1441/709/1441
f 1069/1134/1069 645/1015/645 1060/1138/1060
f 1060/1138/1060 512/1016/512 1070/1139/1070
f 1430/864/1430 1415/859/1415 898/1512/898
f 1367/1508/1367 527/714/527 530/713/530
f 644/1013/644 535/1032/535 532/817/532
f 643/843/643 532/817/532 529/1365/529
f 564/1102/564 1424/766/1424 1404/820/1404
f 630/1040/630 648/1392/648 622/769/622
f 611/1517/611 488/1005/488 612/1292/612
f 857/1020/857 494/1006/494 611/1517/611
f 875/1513/875 900/1518/900 899/1511/899
f 1081/1176/1081 872/1516/872 895/1385/895
f 562/1435/562 590/1509/590 698/1431/698
f 591/900/591 507/1022/507 480/901/480
f 1353/892/1353 485/876/485 1350/898/1350
f 861/1091/861 520/1024/520 862/1041/862
f 1102/1108/1102 962/1362/962 1094/1167/1094
f 1071/1169/1071 497/1021/497 1096/928/1096
f 519/1027/519 864/879/864 863/1056/863
f 1053/1046/1053 1102/1108/1102 571/1086/571
f 873/1519/873 894/1384/894 895/1385/895
f 898/1512/898 1081/1176/1081 1095/1189/1095
f 901/1515/901 883/1520/883 880/1521/880
f 653/1522/653 876/1366/876 866/1277/866
f 1358/915/1358 509/1429/509 508/1266/508
f 589/1290/589 882/1426/882 883/1520/883
f 658/1099/658 887/1523/887 886/1089/886
f 1414/852/1414 1418/854/1418 874/1510/874
f 649/1393/649 546/1524/546 551/1525/551
f 1061/1111/1061 866/1277/866 1091/1116/1091
f 654/1141/654 548/1109/548 543/1048/543
f 1402/797/1402 575/1396/575 1407/840/1407
f 572/1085/572 887/1523/887 888/1110/888
f 900/1518/900 880/1521/880 881/1526/881
f 652/1527/652 869/1249/869 876/1366/876
f 581/1528/581 580/1529/580 1346/878/1346
f 1350/898/1350 580/1529/580 592/899/592
f 604/1062/604 698/1431/698 590/1509/590
f 551/1525/551 545/1039/545 550/1530/550
f 900/1518/900 873/1519/873 899/1511/899
f 655/1468/655 868/1115/868 867/1507/867
f 1423/862/1423 889/1514/889 875/1513/875
f 1087/857/1087 1086/856/1086 522/858/522
f 1427/865/1427 879/1288/879 889/1514/889
f 662/1112/662 867/1507/867 868/1115/868
f 881/1526/881 893/1382/893 894/1384/894
f 1386/781/1386 890/1425/890 879/1288/879
f 742/1153/742 913/1458/913 954/1444/954
f 882/1426/882 578/1386/578 883/1520/883
f 549/1255/549 638/1096/638 552/1196/552
f 880/1521/880 892/1383/892 893/1382/893
f 889/1514/889 879/1288/879 589/1290/589
f 545/1531/545 558/1433/558 550/1437/550
f 552/1052/552 558/1433/558 549/1532/549
f 607/842/607 656/848/656 623/1030/623
f 1384/767/1384 1424/766/1424 650/768/650
f 888/1110/888 652/1527/652 653/1522/653
f 1054/1047/1054 653/1522/653 1061/1111/1061
f 671/1145/671 663/1464/663 662/1112/662
f 679/1147/679 672/1460/672 671/1145/671
f 880/1521/880 578/1386/578 892/1383/892
f 600/1070/600 591/900/591 592/899/592
f 598/1068/598 592/899/592 580/1529/580
f 597/1065/597 580/1529/580 581/1528/581
f 1090/1066/1090 581/1528/581 1071/1169/1071
f 889/1514/889 589/1290/589 901/1515/901
f 880/1521/880 893/1382/893 881/1526/881
f 881/1526/881 894/1384/894 873/1519/873
f 873/1519/873 895/1385/895 872/1516/872
f 1081/1176/1081 895/1385/895 1073/1143/1073
f 875/1513/875 899/1511/899 874/1510/874
f 1430/864/1430 898/1512/898 1095/1189/1095
f 875/1513/875 901/1515/901 900/1518/900
f 898/1512/898 1414/852/1414 899/1511/899
f 601/1063/601 590/1509/590 591/900/591
f 1367/1508/1367 518/880/518 523/894/523
f 1347/881/1347 860/743/860 1372/1276/1372
f 628/1017/628 641/691/641 549/1255/549
f 1420/812/1420 1394/810/1394 531/818/531
f 1396/821/1396 616/811/616 1420/812/1420
f 919/736/919 539/494/539 858/733/858
f 921/1476/921 632/496/632 920/831/920
f 921/1476/921 537/1502/537 922/1475/922
f 923/1474/923 540/500/540 922/1475/922
f 924/1471/924 541/502/541 923/1474/923
f 924/1471/924 513/1379/513 925/1364/925
f 973/1363/973 569/507/569 963/683/963
f 926/1470/926 548/1109/548 927/1469/927
f 927/1469/927 983/510/983 1005/614/1005
f 928/1467/928 867/1507/867 929/1465/929
f 929/1465/929 664/513/664 1006/615/1006
f 931/1462/931 664/513/664 930/1463/930
f 932/1461/932 984/516/984 931/1462/931
f 934/1445/934 986/518/986 933/1268/933
f 731/1368/731 1057/1124/1057 1099/1123/1099
f 732/1122/732 909/1367/909 913/1458/913
f 936/1355/936 988/521/988 935/1446/935
f 836/1506/836 747/1305/747 833/1498/833
f 833/1498/833 748/1308/748 834/1497/834
f 836/1506/836 800/1412/800 845/1416/845
f 813/1347/813 833/1498/833 816/1345/816
f 502/1370/502 772/1505/772 603/1336/603
f 778/1503/778 766/1335/766 772/1505/772
f 784/1325/784 502/1370/502 505/1353/505
f 784/1325/784 773/1499/773 778/1503/778
f 823/1351/823 809/1374/809 806/1352/806
f 829/1373/829 826/1350/826 831/1375/831
f 941/1318/941 793/1490/793 942/1457/942
f 796/684/796 1472/531/1472 793/1490/793
f 944/686/944 994/533/994 1473/534/1473
f 945/1456/945 841/685/841 840/1198/840
f 945/1456/945 1004/538/1004 1002/622/1002
f 946/1500/946 1001/541/1001 1004/1533/1004
f 948/1448/948 839/1451/839 838/1160/838
f 949/1447/949 838/1160/838 828/1159/828
f 950/1323/950 828/1159/828 824/1479/824
f 774/1178/774 779/1324/779 780/1179/780
f 1074/1180/1074 1105/1194/1105 781/1321/781
f 767/1333/767 773/1499/773 774/1178/774
f 768/1182/768 774/1178/774 775/1181/775
f 816/1345/816 834/1497/834 817/1343/817
f 817/1343/817 837/1492/837 815/1341/815
f 834/1497/834 743/1154/743 837/1492/837
f 837/1492/837 1066/1152/1066 1103/1151/1103
f 726/1401/726 627/1312/627 626/1295/626
f 764/1246/764 626/1295/626 627/1312/627
f 751/1310/751 696/1294/696 764/1246/764
f 752/1311/752 738/1293/738 751/1310/751
f 753/1128/753 1097/1149/1097 1076/1184/1076
f 687/1263/687 737/1459/737 688/1267/688
f 754/1127/754 740/1150/740 753/1128/753
f 737/1459/737 935/1446/935 934/1445/934
f 953/1443/953 728/560/728 999/630/999
f 815/1341/815 1103/1151/1103 1067/1155/1067
f 814/1158/814 953/1443/953 952/1442/952
f 1077/1186/1077 776/1491/776 769/1329/769
f 938/1327/938 776/1491/776 939/1436/939
f 776/1491/776 1074/1180/1074 782/1320/782
f 940/1319/940 990/564/990 939/1436/939
f 831/1375/831 827/1349/827 832/1372/832
f 832/1372/832 825/1348/825 830/1166/830
f 793/1490/793 787/1195/787 792/1171/792
f 796/684/796 792/1171/792 854/1173/854
f 841/685/841 854/1173/854 853/1204/853
f 1090/1066/1090 597/1065/597 581/1528/581
f 1025/1200/1025 855/1452/855 840/1198/840
f 855/1450/855 1049/1378/1049 839/1451/839
f 852/1376/852 838/1160/838 839/1451/839
f 1107/1162/1107 1068/1161/1068 830/1166/830
f 1107/1162/1107 825/1348/825 1078/1187/1078
f 1191/983/1191 902/871/902 1178/869/1178
f 1212/1001/1212 904/927/904 905/929/905
f 1366/907/1366 1354/905/1354 905/929/905
f 1388/786/1388 906/1168/906 1416/788/1416
f 907/1092/907 722/1291/722 584/1193/584
f 597/1065/597 598/1068/598 580/1529/580
f 722/1291/722 912/1272/912 717/1271/717
f 788/1481/788 940/1319/940 782/1320/782
f 819/1188/819 952/1442/952 951/1322/951
f 824/1479/824 951/1322/951 950/1323/950
f 769/1329/769 937/1328/937 763/1330/763
f 763/1330/763 936/1355/936 758/1126/758
f 909/1367/909 705/591/705 694/592/694
f 1201/593/1201 1206/1000/1206 515/594/515
f 918/844/918 871/595/871 897/597/897
f 907/1092/907 856/598/856 583/111/583
f 954/1444/954 727/599/727 728/560/728
f 1416/788/1416 908/999/908 1397/827/1397
f 1408/785/1408 1428/1177/1428 917/1142/917
f 914/863/914 897/597/897 856/598/856
f 1425/730/1425 916/828/916 919/736/919
f 618/1477/618 920/831/920 633/830/633
f 619/608/619 922/1475/922 540/500/540
f 538/1140/538 922/1475/922 537/1502/537
f 646/1137/646 923/1474/923 538/1140/538
f 514/611/514 924/1471/924 925/1364/925
f 570/1107/570 973/1363/973 962/1362/962
f 1005/614/1005 926/1470/926 927/1469/927
f 655/1468/655 927/1469/927 548/1109/548
f 1006/615/1006 928/1467/928 929/1465/929
f 663/1464/663 929/1465/929 867/1507/867
f 672/1460/672 930/1463/930 663/1464/663
f 672/1460/672 932/1461/932 931/1462/931
f 688/1267/688 934/1445/934 933/1268/933
f 727/599/727 909/1367/909 694/592/694
f 754/1127/754 936/1355/936 935/1446/935
f 992/618/992 942/1457/942 993/619/993
f 993/619/993 942/1457/942 1472/531/1472
f 1477/620/1477 1473/534/1473 943/1534/943
f 1003/621/1003 945/1456/945 1002/622/1002
f 840/1198/840 946/1453/946 945/1456/945
f 855/1450/855 947/1449/947 946/1500/946
f 1001/541/1001 948/1448/948 1000/625/1000
f 998/626/998 948/1448/948 949/1447/949
f 997/627/997 949/1447/949 950/1323/950
f 987/628/987 935/1446/935 988/521/988
f 835/1156/835 954/1444/954 953/1443/953
f 952/1442/952 999/630/999 995/259/995
f 770/631/770 939/1436/939 990/564/990
f 782/1320/782 939/1436/939 776/1491/776
f 563/1050/563 509/1429/509 1363/913/1363
f 562/1435/562 510/1432/510 563/1050/563
f 698/1431/698 511/1434/511 562/1435/562
f 642/1430/642 602/1098/602 606/1361/606
f 969/1359/969 577/1428/577 955/1360/955
f 877/1427/877 579/1380/579 882/1426/882
f 882/1426/882 651/1424/651 877/1427/877
f 651/1424/651 890/1425/890 870/783/870
f 701/778/701 1422/782/1422 1387/779/1387
f 700/1284/700 659/1422/659 701/778/701
f 723/1235/723 668/1421/668 700/1284/700
f 725/1297/725 684/1420/684 724/1237/724
f 725/1297/725 729/1418/729 692/1419/692
f 736/1307/736 745/1417/745 729/1418/729
f 746/1306/746 846/1415/846 745/1417/745
f 799/1414/799 845/1416/845 800/1412/800
f 800/1412/800 802/1413/802 799/1414/799
f 803/1346/803 805/1411/805 802/1413/802
f 806/1352/806 808/1410/808 805/1411/805
f 850/1224/850 808/1410/808 809/1374/809
f 598/1068/598 600/1070/600 592/899/592
f 600/1070/600 601/1063/601 591/900/591
f 880/1521/880 883/1520/883 578/1386/578
f 679/1147/679 680/1262/680 672/1460/672
f 671/1145/671 672/1460/672 663/1464/663
f 1054/1047/1054 888/1110/888 653/1522/653
f 888/1110/888 887/1523/887 652/1527/652
f 607/842/607 885/841/885 656/848/656
f 552/1052/552 553/1054/553 558/1433/558
f 545/1039/545 549/1255/549 558/1535/558
f 549/1255/549 641/691/641 638/1096/638
f 882/1426/882 579/1380/579 578/1386/578
f 742/1153/742 732/1122/732 913/1458/913
f 1386/781/1386 1387/779/1387 890/1425/890
f 662/1112/662 663/1464/663 867/1507/867
f 1427/865/1427 1386/781/1386 879/1288/879
f 1423/862/1423 1427/865/1427 889/1514/889
f 655/1468/655 654/1141/654 868/1115/868
f 900/1518/900 881/1526/881 873/1519/873
f 807/1409/807 795/1225/795 789/1316/789
f 804/1408/804 789/1316/789 783/1354/783
f 801/1407/801 783/1354/783 777/1369/777
f 798/1406/798 777/1369/777 771/1338/771
f 843/1357/843 798/1406/798 771/1338/771
f 844/1405/844 750/1313/750 744/1404/744
f 744/1404/744 749/1403/749 730/1402/730
f 730/1402/730 726/1401/726 695/1400/695
f 695/1400/695 689/1243/689 690/1239/690
f 673/1283/673 682/1240/682 681/1241/681
f 665/1280/665 674/1399/674 673/1283/673
f 666/1398/666 865/850/865 891/849/891
f 1413/1536/1413 1409/801/1409 657/800/657
f 1392/1397/1392 656/848/656 885/841/885
f 576/1395/576 878/799/878 1392/1397/1392
f 576/1395/576 957/791/957 956/1358/956
f 648/1392/648 609/1394/609 498/790/498
f 551/1525/551 546/1524/546 545/1039/545
f 604/1062/604 602/1098/602 698/1431/698
f 1350/898/1350 1346/878/1346 580/1529/580
f 1345/874/1345 497/1021/497 581/1528/581
f 1346/878/1346 1345/874/1345 581/1528/581
f 652/1527/652 658/1099/658 869/1249/869
f 900/1518/900 901/1515/901 880/1521/880
f 572/1085/572 573/1088/573 887/1523/887
f 654/1141/654 655/1468/655 548/1109/548
f 1061/1111/1061 653/1522/653 866/1277/866
f 649/1393/649 648/1392/648 546/1524/546
f 658/1099/658 652/1527/652 887/1523/887
f 589/1290/589 699/1289/699 882/1426/882
f 1358/915/1358 1363/913/1363 509/1429/509
f 653/1522/653 652/1527/652 876/1366/876
f 901/1515/901 589/1290/589 883/1520/883
f 898/1512/898 872/1516/872 1081/1176/1081
f 519/1027/519 518/880/518 864/879/864
f 1071/1169/1071 581/1528/581 497/1021/497
f 1102/1108/1102 570/1107/570 962/1362/962
f 861/1091/861 521/1025/521 520/1024/520
f 591/900/591 590/1509/590 507/1022/507
f 562/1435/562 507/1022/507 590/1509/590
f 857/1020/857 594/1074/594 494/1006/494
f 1438/689/1438 1440/688/1440 547/922/547
f 1442/706/1442 547/922/547 1440/688/1440
f 1442/706/1442 527/714/527 544/897/544
f 1451/732/1451 636/711/636 635/824/635
f 1452/741/1452 635/824/635 634/742/634
f 1399/833/1399 1106/738/1106 1431/737/1431
f 1398/829/1398 536/832/536 1399/833/1399
f 920/831/920 539/494/539 916/828/916
f 611/1517/611 494/1006/494 488/1005/488
f 630/1040/630 546/1524/546 648/1392/648
f 564/1102/564 650/768/650 1424/766/1424
f 1444/710/1444 1441/709/1441 492/1390/492
f 1444/710/1444 486/1391/486 1446/715/1446
f 1449/720/1449 1446/715/1446 486/1391/486
f 1128/726/1128 1121/723/1121 481/722/481
f 643/843/643 644/1013/644 532/817/532
f 644/1013/644 645/1015/645 535/1032/535
f 1367/1508/1367 1349/896/1349 527/714/527
f 1060/1138/1060 645/1015/645 512/1016/512
f 1069/1134/1069 535/1032/535 645/1015/645
f 857/1020/857 611/1517/611 1441/709/1441
f 1441/709/1441 1439/704/1439 857/1020/857
f 492/1390/492 611/1517/611 612/1292/612
f 1418/854/1418 1423/862/1423 875/1513/875
f 899/1511/899 873/1519/873 872/1516/872
f 1449/720/1449 486/1391/486 612/1292/612
f 1448/727/1448 1449/720/1449 613/1274/613
f 1455/1537/1455 1448/727/1448 614/1101/614
f 1127/1538/1127 1455/1537/1455 614/1101/614
f 1035/1221/1035 810/1220/810 811/1495/811
f 1069/1134/1069 538/1140/538 537/1502/537
f 1059/1135/1059 537/1502/537 618/1477/618
f 1080/1136/1080 618/1477/618 633/830/633
f 741/1302/741 836/1506/836 845/1416/845
f 811/1495/811 810/1220/810 807/1409/807
f 808/1493/808 807/1409/807 804/1408/804
f 1050/1389/1050 847/1371/847 812/1212/812
f 1021/1388/1021 849/1217/849 847/1371/847
f 802/1488/802 805/1494/805 804/1408/804
f 799/1486/799 802/1488/802 801/1407/801
f 844/1405/844 846/1485/846 799/1486/799
f 846/1485/846 844/1405/844 744/1404/744
f 745/1483/745 744/1404/744 730/1402/730
f 692/1482/692 729/1484/729 730/1402/730
f 1011/1202/1011 567/1317/567 1037/1226/1037
f 692/1482/692 695/1400/695 690/1239/690
f 674/1399/674 668/1539/668 676/1480/676
f 1109/1387/1109 1022/1206/1022 1111/1540/1111
f 666/1472/666 659/1422/659 668/1421/668
f 659/1422/659 666/1472/666 1391/1466/1391
f 1391/1466/1391 1422/782/1422 659/1422/659
f 657/1541/657 651/1424/651 1391/1466/1391
f 1391/1466/1391 1413/1542/1413 657/1541/657
f 1024/1164/1024 1026/1213/1026 848/1165/848
f 651/1424/651 657/1541/657 878/1455/878
f 576/1454/576 577/1428/577 877/1427/877
f 577/1428/577 576/1454/576 956/1441/956
f 955/1360/955 956/1441/956 609/1440/609
f 649/1439/649 642/1430/642 606/1361/606
f 551/1438/551 511/1434/511 642/1430/642
f 511/1434/511 551/1438/551 550/1437/550
f 510/1432/510 550/1437/550 558/1433/558
f 509/1429/509 558/1433/558 553/1054/553
f 1130/1264/1130 508/1266/508 553/1054/553
f 1132/1423/1132 1130/1264/1130 553/1054/553
f 1041/1211/1041 851/1210/851 852/1376/852
f 849/1217/849 829/1373/829 831/1375/831
f 829/1373/829 849/1217/849 850/1224/850
f 830/1166/830 848/1165/848 812/1212/812
f 847/1371/847 831/1375/831 832/1372/832
f 790/1205/790 785/1326/785 794/1245/794
f 777/1369/777 783/1354/783 505/1353/505
f 892/1383/892 970/1097/970 968/1061/968
f 1073/1143/1073 965/1067/965 1062/1064/1062
f 895/1385/895 966/1069/966 965/1067/965
f 894/1384/894 967/1071/967 966/1069/966
f 893/1382/893 968/1061/968 967/1071/967
f 574/1090/574 959/1381/959 958/776/958
f 603/1336/603 771/1338/771 777/1369/777
f 512/1016/512 960/1087/960 961/1084/961
f 501/1014/501 959/1381/959 960/1087/960
f 1429/771/1429 1390/792/1390 971/772/971
f 764/1246/764 765/1248/765 755/1356/755
f 579/1380/579 970/1097/970 578/1386/578
f 1385/770/1385 621/789/621 1429/771/1429
f 1094/1167/1094 513/1379/513 1070/1139/1070
f 925/1364/925 963/683/963 514/611/514
f 1408/785/1408 972/1144/972 1388/786/1388
f 962/1362/962 925/1364/925 513/1379/513
f 969/1359/969 606/1361/606 602/1098/602
f 956/1358/956 498/790/498 609/1394/609
f 731/1368/731 734/1304/734 718/1299/718
f 734/1304/734 735/1301/735 719/1298/719
f 697/1125/697 707/1117/707 910/1270/910
f 669/1281/669 675/1252/675 683/1253/683
f 660/1278/660 667/1251/667 675/1252/675
f 876/1366/876 869/1249/869 667/1251/667
f 599/1247/599 750/1313/750 843/1357/843
f 568/1337/568 842/1334/842 765/1248/765
f 765/1248/765 842/1334/842 760/1332/760
f 755/1356/755 760/1332/760 761/1331/761
f 756/1309/756 761/1331/761 762/1132/762
f 1058/1129/1058 1093/1133/1093 763/1330/763
f 977/972/977 863/1056/863 864/879/864
f 974/968/974 859/1543/859 1468/729/1468
f 975/1275/975 864/879/864 1372/1276/1372
f 1373/918/1373 1359/917/1359 975/1275/975
f 937/1328/937 989/265/989 759/303/759
f 783/1354/783 789/1316/789 566/1244/566
f 794/1245/794 784/1325/784 505/1353/505
f 818/1344/818 823/1351/823 806/1352/806
f 823/1351/823 818/1344/818 821/1342/821
f 826/1350/826 821/1342/821 822/1340/822
f 827/1349/827 822/1340/822 820/1339/820
f 825/1348/825 820/1339/820 1100/1157/1100
f 803/1346/803 800/1412/800 813/1347/813
f 818/1344/818 813/1347/813 816/1345/816
f 821/1342/821 816/1345/816 817/1343/817
f 822/1340/822 817/1343/817 815/1341/815
f 820/1339/820 815/1341/815 1067/1155/1067
f 568/1337/568 843/1357/843 771/1338/771
f 603/1336/603 772/1505/772 842/1334/842
f 842/1334/842 772/1505/772 766/1335/766
f 760/1332/760 766/1335/766 767/1333/767
f 761/1331/761 767/1333/767 768/1182/768
f 1093/1133/1093 1077/1186/1077 769/1329/769
f 938/1327/938 770/631/770 989/265/989
f 1170/1075/1170 1168/1049/1168 1221/994/1221
f 784/1325/784 794/1245/794 785/1326/785
f 779/1324/779 785/1326/785 786/1314/786
f 950/1323/950 951/1322/951 996/262/996
f 951/1322/951 952/1442/952 995/259/995
f 780/1179/780 786/1314/786 1092/1175/1092
f 787/1195/787 788/1481/788 782/1320/782
f 941/1318/941 992/618/992 991/250/991
f 789/1316/789 795/1225/795 567/1317/567
f 786/1314/786 785/1326/785 790/1205/790
f 786/1314/786 791/1315/791 1072/1172/1072
f 627/1312/627 749/1403/749 750/1313/750
f 735/1301/735 733/1303/733 704/1296/704
f 751/1310/751 755/1356/755 756/1309/756
f 752/1311/752 756/1309/756 1085/1130/1085
f 1085/1130/1085 1076/1184/1076 752/1311/752
f 704/1296/704 733/1303/733 736/1307/736
f 734/1304/734 731/1368/731 743/1154/743
f 733/1303/733 741/1302/741 746/1306/746
f 734/1304/734 748/1308/748 747/1305/747
f 1148/1042/1148 981/985/981 1144/1037/1144
f 981/985/981 1165/1038/1165 1144/1037/1144
f 732/1122/732 742/1153/742 1066/1152/1066
f 735/1301/735 747/1305/747 741/1302/741
f 693/1300/693 711/1228/711 1098/1118/1098
f 718/1299/718 713/1229/713 711/1228/711
f 718/1299/718 719/1298/719 714/1230/714
f 719/1298/719 704/1296/704 710/1233/710
f 724/1237/724 710/1233/710 704/1296/704
f 689/1243/689 726/1401/726 626/1295/626
f 1165/1038/1165 595/1273/595 593/708/593
f 1184/750/1184 980/1003/980 1179/987/1179
f 696/1294/696 691/1257/691 620/1256/620
f 691/1257/691 696/1294/696 738/1293/738
f 685/1258/685 738/1293/738 739/1185/739
f 686/1261/686 739/1185/739 1097/1149/1097
f 716/1120/716 721/1227/721 708/1232/708
f 585/855/585 716/1120/716 702/1285/702
f 709/1231/709 715/1234/715 720/1287/720
f 1148/1057/1148 1163/1058/1163 982/1544/982
f 703/1286/703 720/1287/720 588/777/588
f 612/1292/612 488/1005/488 482/1008/482
f 1084/853/1084 584/1193/584 722/1291/722
f 879/1288/879 890/1425/890 699/1289/699
f 911/1093/911 712/110/712 706/192/706
f 1104/1121/1104 722/1291/722 717/1271/717
f 701/778/701 588/777/588 720/1287/720
f 702/1285/702 708/1232/708 709/1231/709
f 587/780/587 586/861/586 702/1285/702
f 700/1284/700 720/1287/720 715/1234/715
f 1063/1114/1063 670/1282/670 678/1260/678
f 608/1254/608 673/1283/673 681/1241/681
f 670/1282/670 669/1281/669 677/1259/677
f 1055/1113/1055 661/1279/661 670/1282/670
f 625/1250/625 665/1280/665 673/1283/673
f 661/1279/661 660/1278/660 669/1281/669
f 1091/1116/1091 866/1277/866 661/1279/661
f 605/1031/605 865/850/865 665/1280/665
f 866/1277/866 876/1366/876 660/1278/660
f 613/1274/613 482/1008/482 477/1010/477
f 1134/914/1134 1123/1545/1123 503/1012/503
f 1376/1269/1376 1358/915/1358 508/1266/508
f 615/808/615 636/711/636 637/705/637
f 629/1018/629 628/1017/628 549/1255/549
f 958/776/958 971/772/971 631/798/631
f 658/1099/658 623/1030/623 605/1031/605
f 629/1018/629 630/1040/630 564/1102/564
f 667/1251/667 625/1250/625 608/1254/608
f 675/1252/675 608/1254/608 610/1242/610
f 869/1249/869 605/1031/605 625/1250/625
f 764/1246/764 627/1312/627 599/1247/599
f 566/1244/566 567/1317/567 797/1201/797
f 635/824/635 636/711/636 615/808/615
f 639/1078/639 554/1192/554 552/1196/552
f 639/1078/639 640/1103/640 556/1106/556
f 1052/1081/1052 557/1060/557 556/1190/556
f 622/769/622 648/1392/648 498/790/498
f 630/1040/630 622/769/622 650/768/650
f 574/1090/574 631/798/631 607/842/607
f 886/1089/886 607/842/607 623/1030/623
f 970/1097/970 969/1359/969 602/1098/602
f 907/1092/907 583/111/583 712/110/712
f 520/1028/520 519/1027/519 863/1056/863
f 593/708/593 493/707/493 521/1025/521
f 957/791/957 575/1396/575 1402/797/1402
f 886/1089/886 887/1523/887 573/1088/573
f 960/1087/960 959/1381/959 573/1088/573
f 961/1084/961 960/1087/960 572/1085/572
f 958/776/958 959/1381/959 500/765/500
f 967/1071/967 968/1061/968 601/1063/601
f 1098/1118/1098 721/1227/721 1056/1119/1056
f 707/1117/707 912/1272/912 910/1270/910
f 706/192/706 910/1270/910 912/1272/912
f 933/1268/933 985/884/985 932/1461/932
f 680/1262/680 933/1268/933 932/1461/932
f 680/1262/680 687/1263/687 688/1267/688
f 1064/1146/1064 686/1261/686 1065/1148/1065
f 678/1260/678 685/1258/685 686/1261/686
f 691/1257/691 677/1259/677 683/1253/683
f 620/1256/620 683/1253/683 610/1242/610
f 610/1242/610 689/1243/689 620/1256/620
f 681/1241/681 690/1239/690 689/1243/689
f 684/1238/684 682/1240/682 676/1480/676
f 676/1236/676 724/1237/724 684/1420/684
f 723/1235/723 710/1233/710 724/1237/724
f 714/1230/714 715/1234/715 709/1231/709
f 714/1230/714 708/1232/708 713/1229/713
f 721/1227/721 713/1229/713 708/1232/708
f 966/1069/966 967/1071/967 600/1070/600
f 965/1067/965 966/1069/966 598/1068/598
f 1062/1064/1062 965/1067/965 597/1065/597
f 624/1019/624 637/705/637 884/687/884
f 1112/1033/1112 526/1023/526 487/719/487
f 507/1022/507 562/1435/562 563/1050/563
f 1371/931/1371 1370/889/1370 507/1022/507
f 1377/867/1377 517/22/517 516/81/516
f 1378/908/1378 1377/867/1377 1212/1001/1212
f 504/930/504 560/912/560 561/911/561
f 489/1007/489 495/1004/495 496/872/496
f 968/1061/968 970/1097/970 604/1062/604
f 483/1009/483 489/1007/489 490/875/490
f 478/1011/478 483/1009/483 484/891/484
f 479/893/479 506/890/506 504/930/504
f 554/1059/554 556/1190/556 557/1060/557
f 552/1052/552 554/1059/554 555/1053/555
f 545/1039/545 546/1524/546 630/1040/630
f 1113/1043/1113 542/895/542 523/894/523
f 1129/1036/1129 1113/1043/1113 523/894/523
f 1133/1035/1133 1129/1036/1129 524/1029/524
f 1112/1033/1112 1133/1546/1133 525/1034/525
f 526/1023/526 521/1025/521 493/707/493
f 534/822/534 531/818/531 532/817/532
f 623/1030/623 656/848/656 865/850/865
f 524/1029/524 523/894/523 518/880/518
f 525/1026/525 524/1029/524 519/1027/519
f 526/1023/526 525/1034/525 520/1024/520
f 1096/928/1096 497/1021/497 1365/873/1365
f 1348/888/1348 480/901/480 507/1022/507
f 491/877/491 485/876/485 484/891/484
f 624/1019/624 565/819/565 528/809/528
f 565/819/565 624/1019/624 628/1017/628
f 645/1015/645 644/1013/644 501/1014/501
f 644/1013/644 643/843/643 500/765/500
f 478/1011/478 504/930/504 503/1012/503
f 483/1009/483 478/1011/478 477/1010/477
f 489/1007/489 483/1009/483 482/1008/482
f 495/1004/495 489/1007/489 488/1005/488
f 218/887/218 217/220/217 226/882/226
f 214/202/214 215/184/215 219/219/219
f 219/219/219 215/184/215 220/178/220
f 228/180/228 229/214/229 216/216/216
f 185/886/185 193/636/193 229/214/229
f 193/363/193 185/358/185 191/360/191
f 190/175/190 198/213/198 199/361/199
f 123/147/123 132/211/132 198/213/198
f 132/211/132 123/147/123 192/315/192
f 200/208/200 192/315/192 186/174/186
f 187/177/187 195/204/195 194/207/194
f 1257/885/1257 1258/205/1258 195/204/195
f 189/616/189 197/617/197 196/555/196
f 429/520/429 197/617/197 189/616/189
f 429/520/429 428/517/428 985/884/985
f 406/316/406 705/591/705 706/192/706
f 408/587/408 222/189/222 213/883/213
f 1273/222/1273 1277/953/1277 226/882/226
f 1412/795/1412 1426/762/1426 474/761/474
f 1352/774/1352 107/104/107 109/793/109
f 1352/774/1352 474/761/474 475/760/475
f 1368/773/1368 1364/775/1364 475/760/475
f 1158/490/1158 363/429/363 469/698/469
f 1159/700/1159 1158/490/1158 469/698/469
f 1246/975/1246 358/1547/358 468/696/468
f 1240/694/1240 1246/975/1246 468/696/468
f 362/106/362 470/753/470 471/695/471
f 22/120/22 453/102/453 452/654/452
f 119/342/119 451/345/451 463/113/463
f 421/505/421 467/506/467 458/424/458
f 1188/603/1188 1174/584/1174 466/586/466
f 421/505/421 514/611/514 963/683/963
f 37/504/37 458/424/458 1300/426/1300
f 464/79/464 463/113/463 95/633/95
f 25/14/25 456/97/456 455/94/455
f 36/411/36 457/95/457 456/97/456
f 90/115/90 454/93/454 455/94/455
f 391/482/391 461/91/461 462/77/462
f 392/484/392 460/89/460 461/91/461
f 393/485/393 459/87/459 460/89/460
f 1295/680/1295 1264/85/1264 459/87/459
f 390/679/390 462/77/462 464/79/464
f 1014/673/1014 292/1548/292 1303/674/1303
f 84/248/84 298/137/298 1047/671/1047
f 1013/669/1013 348/322/348 350/329/350
f 1040/668/1040 313/323/313 348/322/348
f 10/398/10 16/406/16 1226/666/1226
f 416/498/416 412/495/412 539/494/539
f 1313/663/1313 1204/664/1204 144/386/144
f 1228/662/1228 145/955/145 146/131/146
f 1241/661/1241 146/131/146 147/133/147
f 1225/659/1225 61/944/61 47/415/47
f 795/1225/795 1037/1226/1037 567/1317/567
f 811/1223/811 1036/1219/1036 1043/1549/1043
f 64/658/64 61/944/61 1225/659/1225
f 810/1220/810 1044/1222/1044 795/1225/795
f 122/655/122 159/443/159 158/121/158
f 1034/672/1034 296/644/296 84/248/84
f 453/102/453 91/450/91 92/653/92
f 849/1217/849 1036/1219/1036 850/1224/850
f 312/1215/312 1028/1209/1028 351/325/351
f 1203/652/1203 376/992/376 92/653/92
f 1033/1214/1033 311/645/311 296/644/296
f 812/1212/812 1026/1213/1026 1050/1389/1050
f 851/1210/851 1110/1163/1110 1068/1161/1068
f 1182/449/1182 1203/652/1203 91/450/91
f 1028/1209/1028 350/329/350 351/325/351
f 1203/652/1203 383/474/383 166/48/166
f 364/47/364 174/167/174 175/647/175
f 1109/1387/1109 1072/1172/1072 791/1315/791
f 183/359/183 175/647/175 174/167/174
f 313/323/313 1019/676/1019 349/678/349
f 342/536/342 1045/382/1045 354/381/354
f 191/360/191 183/359/183 182/171/182
f 1304/1207/1304 352/572/352 1260/574/1260
f 198/213/198 231/552/231 203/646/203
f 790/1205/790 1022/1206/1022 791/1315/791
f 853/1204/853 1042/1174/1042 1015/1496/1015
f 231/552/231 252/242/252 233/364/233
f 252/242/252 253/241/253 247/367/247
f 1266/243/1266 1303/674/1303 292/1548/292
f 253/241/253 344/282/344 345/370/345
f 299/371/299 345/370/345 344/282/344
f 797/1201/797 1016/1203/1016 790/1205/790
f 299/371/299 272/281/272 278/319/278
f 302/372/302 278/319/278 284/302/284
f 305/374/305 284/302/284 290/249/290
f 841/685/841 853/1204/853 1009/1199/1009
f 1008/1197/1008 298/137/298 291/246/291
f 1014/673/1014 291/246/291 292/1548/292
f 308/377/308 290/249/290 296/644/296
f 354/381/354 1031/951/1031 355/568/355
f 309/643/309 312/1215/312 351/325/351
f 307/300/307 306/642/306 309/643/309
f 304/292/304 303/641/303 306/642/306
f 301/294/301 300/640/300 303/641/303
f 300/640/300 301/294/301 346/379/346
f 249/232/249 248/638/248 347/639/347
f 239/233/239 232/637/232 248/638/248
f 230/236/230 201/1550/201 232/637/232
f 193/636/193 201/1550/201 230/236/230
f 177/356/177 185/886/185 228/180/228
f 169/354/169 177/356/177 208/179/208
f 1210/635/1210 169/354/169 209/187/209
f 388/195/388 207/194/207 161/350/161
f 380/440/380 375/349/375 161/350/161
f 375/349/375 380/440/380 95/633/95
f 463/113/463 451/345/451 93/347/93
f 115/112/115 206/455/206 153/341/153
f 35/339/35 153/341/153 206/455/206
f 34/337/34 35/339/35 79/82/79
f 1157/439/1157 33/335/33 80/67/80
f 1164/66/1164 1157/439/1157 80/67/80
f 283/253/283 277/562/277 435/632/435
f 770/631/770 990/564/990 435/632/435
f 999/630/999 449/559/449 448/260/448
f 336/629/336 449/559/449 450/470/450
f 987/628/987 988/521/988 431/522/431
f 997/627/997 446/261/446 445/545/445
f 998/626/998 445/545/445 444/543/444
f 444/543/444 443/542/443 1001/541/1001
f 356/570/356 442/540/442 443/542/443
f 341/623/341 441/535/441 442/539/442
f 441/535/441 440/537/440 1003/621/1003
f 994/1551/994 439/1552/439 1474/1553/1474
f 438/530/438 437/251/437 992/618/992
f 257/558/257 431/522/431 432/304/432
f 727/599/727 694/592/694 405/318/405
f 197/617/197 429/520/429 430/519/430
f 181/478/181 427/515/427 428/517/428
f 426/514/426 427/515/427 181/478/181
f 425/512/425 426/514/426 173/476/173
f 1006/615/1006 425/512/425 424/511/424
f 423/509/423 424/511/424 165/448/165
f 1005/614/1005 423/509/423 422/508/422
f 467/506/467 422/508/422 86/613/86
f 514/611/514 421/505/421 420/503/420
f 419/501/419 420/503/420 157/610/157
f 418/499/418 419/501/419 58/609/58
f 418/499/418 417/497/417 619/608/619
f 416/498/416 417/497/417 131/390/131
f 1189/606/1189 415/493/415 412/495/412
f 897/597/897 414/596/414 410/605/410
f 1218/600/1218 1176/860/1176 404/601/404
f 727/599/727 409/468/409 450/470/450
f 856/598/856 410/605/410 403/109/403
f 871/595/871 411/981/411 414/596/414
f 705/591/705 406/316/406 405/318/405
f 432/304/432 433/267/433 265/306/265
f 433/267/433 434/266/434 271/269/271
f 325/589/325 446/261/446 447/258/447
f 320/588/320 447/258/447 448/260/448
f 436/252/436 437/251/437 289/565/289
f 227/190/227 222/189/222 408/587/408
f 227/190/227 407/191/407 403/109/403
f 1174/584/1174 1218/600/1218 402/585/402
f 1421/578/1421 401/583/401 400/579/400
f 1296/573/1296 1275/296/1275 326/295/326
f 353/330/353 340/544/340 339/546/339
f 356/570/356 340/544/340 1039/333/1039
f 1039/333/1039 1046/571/1046 356/570/356
f 1018/1208/1018 341/623/341 356/624/356
f 342/536/342 354/381/354 355/568/355
f 297/566/297 355/568/355 293/567/293
f 294/529/294 293/567/293 288/254/288
f 326/295/326 328/297/328 333/321/333
f 328/297/328 327/298/327 332/328/332
f 436/252/436 435/632/435 990/564/990
f 277/562/277 283/253/283 1269/549/1269
f 1269/549/1269 1270/563/1270 277/562/277
f 434/266/434 435/632/435 277/562/277
f 1278/270/1278 271/269/271 277/562/277
f 449/559/449 336/629/336 315/561/315
f 1291/551/1291 338/550/338 316/286/316
f 449/559/449 999/630/999 728/560/728
f 431/522/431 257/558/257 240/556/240
f 243/557/243 240/556/240 257/558/257
f 1020/1170/1020 1109/1387/1109 1111/1540/1111
f 196/555/196 197/617/197 240/556/240
f 1297/203/1297 243/557/243 256/553/256
f 241/209/241 242/206/242 255/237/255
f 204/210/204 241/209/241 254/240/254
f 138/212/138 204/210/204 266/140/266
f 1454/717/1454 536/832/536 1445/718/1445
f 139/142/139 252/242/252 231/552/231
f 571/1086/571 1094/1167/1094 961/1084/961
f 1274/227/1274 246/234/246 338/550/338
f 246/234/246 251/525/251 335/526/335
f 1105/1194/1105 787/1195/787 781/1321/781
f 1366/907/1366 1374/926/1374 1089/906/1089
f 495/1004/495 1089/906/1089 496/872/496
f 1419/845/1419 1430/864/1430 1095/1189/1095
f 1086/856/1086 1087/857/1087 914/863/914
f 338/550/338 335/526/335 318/288/318
f 335/526/335 334/524/334 317/290/317
f 585/855/585 1104/1121/1104 716/1120/716
f 584/1193/584 1084/853/1084 1086/856/1086
f 270/271/270 276/952/276 275/548/275
f 974/968/974 1101/716/1101 859/1543/859
f 1082/984/1082 495/1004/495 494/1006/494
f 594/1074/594 1082/984/1082 494/1006/494
f 1419/845/1419 1081/1176/1081 1406/846/1406
f 1080/1136/1080 1079/1501/1079 1405/740/1405
f 1405/740/1405 1079/1501/1079 1431/737/1431
f 269/274/269 275/548/275 274/528/274
f 275/548/275 281/256/281 280/263/280
f 446/261/446 325/589/325 329/547/329
f 1078/1187/1078 819/1188/819 824/1479/824
f 828/1159/828 1078/1187/1078 824/1479/824
f 762/1132/762 1077/1186/1077 1093/1133/1093
f 753/1128/753 1076/1184/1076 1085/1130/1085
f 1076/1184/1076 739/1185/739 752/1311/752
f 445/545/445 329/547/329 339/546/339
f 444/543/444 339/546/339 340/544/340
f 768/1182/768 1075/1183/1075 1077/1186/1077
f 780/1179/780 1105/1194/1105 1074/1180/1074
f 775/1181/775 1074/1180/1074 1075/1183/1075
f 1073/1143/1073 917/1142/917 1428/1177/1428
f 1092/1175/1092 792/1171/792 787/1195/787
f 1072/1172/1072 1109/1387/1109 1020/1170/1020
f 442/540/442 1004/1533/1004 1001/541/1001
f 441/535/441 1002/622/1002 1004/538/1004
f 441/535/441 341/623/341 342/536/342
f 297/566/297 294/529/294 1474/531/1474
f 908/999/908 1096/928/1096 904/927/904
f 906/1168/906 1071/1169/1071 908/999/908
f 961/1084/961 1070/1139/1070 512/1016/512
f 1068/1161/1068 1024/1164/1024 848/1165/848
f 838/1160/838 851/1210/851 1068/1161/1068
f 1474/531/1474 1476/620/1476 297/566/297
f 294/529/294 289/565/289 437/251/437
f 1100/1157/1100 814/1158/814 819/1188/819
f 1067/1155/1067 835/1156/835 814/1158/814
f 1099/1123/1099 743/1154/743 731/1368/731
f 1103/1151/1103 742/1153/742 835/1156/835
f 1065/1148/1065 740/1150/740 687/1263/687
f 679/1147/679 1065/1148/1065 687/1263/687
f 671/1145/671 1064/1146/1064 679/1147/679
f 972/1144/972 1090/1066/1090 906/1168/906
f 917/1142/917 1062/1064/1062 972/1144/972
f 327/298/327 324/299/324 330/326/330
f 310/327/310 330/326/330 324/299/324
f 274/528/274 280/263/280 285/264/285
f 26/320/26 279/527/279 285/264/285
f 654/1141/654 1091/1116/1091 868/1115/868
f 538/1140/538 1060/1138/1060 646/1137/646
f 646/1137/646 1070/1139/1070 513/1379/513
f 534/822/534 1080/1136/1080 617/823/617
f 535/1032/535 1059/1135/1059 534/822/534
f 757/1131/757 1093/1133/1093 1058/1129/1058
f 1085/1130/1085 758/1126/758 753/1128/753
f 697/1125/697 1098/1118/1098 707/1117/707
f 732/1122/732 1057/1124/1057 697/1125/697
f 716/1120/716 1056/1119/1056 721/1227/721
f 707/1117/707 1056/1119/1056 717/1271/717
f 868/1115/868 1055/1113/1055 662/1112/662
f 662/1112/662 1063/1114/1063 671/1145/671
f 543/1048/543 1061/1111/1061 654/1141/654
f 888/1110/888 1054/1047/1054 1053/1046/1053
f 570/1107/570 1053/1046/1053 543/1048/543
f 1137/1105/1137 1051/1554/1051 556/1106/556
f 268/277/268 274/528/274 279/527/279
f 26/320/26 116/279/116 273/278/273
f 334/524/334 337/523/337 314/293/314
f 337/523/337 346/379/346 301/294/301
f 251/525/251 250/230/250 334/524/334
f 250/230/250 244/224/244 337/523/337
f 1438/689/1438 1125/924/1125 1456/701/1456
f 1375/923/1375 1362/1076/1362 1126/1077/1126
f 614/1101/614 1124/1100/1124 1127/1538/1127
f 988/521/988 759/303/759 432/304/432
f 503/1012/503 1123/1545/1123 1124/1100/1124
f 405/318/405 205/317/205 235/228/235
f 1298/223/1298 202/221/202 234/235/234
f 986/518/986 987/628/987 430/519/430
f 984/516/984 985/884/985 428/517/428
f 664/513/664 984/516/984 427/515/427
f 425/512/425 1006/615/1006 664/513/664
f 638/1096/638 1118/1079/1118 639/1078/639
f 559/690/559 1131/1555/1131 1117/1094/1117
f 641/691/641 1117/1094/1117 1119/1095/1119
f 555/1053/555 1116/1083/1116 1132/1423/1132
f 557/1060/557 1136/1082/1136 1116/1083/1116
f 639/1078/639 1115/1080/1115 640/1103/640
f 366/459/366 165/448/165 424/511/424
f 1349/896/1349 542/895/542 1114/1044/1114
f 423/509/423 1005/614/1005 983/510/983
f 65/447/65 86/613/86 422/508/422
f 467/506/467 963/683/963 569/507/569
f 37/504/37 157/610/157 420/503/420
f 594/1074/594 1170/1075/1170 1108/993/1108
f 541/502/541 647/612/647 420/503/420
f 540/500/540 541/502/541 419/501/419
f 57/391/57 131/390/131 417/497/417
f 632/496/632 619/608/619 417/497/417
f 30/76/30 1167/68/1167 1166/1045/1166
f 415/493/415 858/733/858 539/494/539
f 140/15/140 66/155/66 152/472/152
f 1167/68/1167 30/76/30 28/75/28
f 359/489/359 53/959/53 1152/488/1152
f 1140/414/1140 43/43/43 38/42/38
f 1292/949/1292 1161/23/1161 21/25/21
f 857/1020/857 1169/1072/1169 594/1074/594
f 359/489/359 1158/490/1158 1159/700/1159
f 77/1073/77 1157/439/1157 1164/66/1164
f 61/944/61 1156/416/1156 47/415/47
f 114/92/114 105/420/105 104/419/104
f 1154/581/1154 1286/834/1286 1162/582/1162
f 394/402/394 395/401/395 1216/441/1216
f 1432/838/1432 1433/866/1433 1153/21/1153
f 1216/441/1216 1217/1002/1217 394/402/394
f 363/429/363 1152/488/1152 38/42/38
f 78/80/78 1157/439/1157 77/1073/77
f 373/404/373 396/451/396 397/433/397
f 1334/160/1334 1151/438/1151 78/80/78
f 395/401/395 396/451/396 373/404/373
f 1311/431/1311 1295/680/1295 393/485/393
f 393/485/393 392/484/392 371/457/371
f 392/484/392 391/482/391 379/483/379
f 1159/700/1159 1150/699/1150 1306/746/1306
f 391/482/391 390/679/390 378/452/378
f 1163/1058/1163 862/1055/862 976/977/976
f 387/460/387 397/433/397 103/435/103
f 1254/481/1254 1262/427/1262 97/428/97
f 1147/1051/1147 1191/983/1191 1168/1049/1168
f 106/480/106 1146/421/1146 1149/29/1149
f 110/86/110 97/428/97 96/453/96
f 111/88/111 96/453/96 106/480/106
f 3/74/3 1145/30/1145 1149/29/1149
f 30/76/30 1145/30/1145 3/74/3
f 862/1041/862 1144/1037/1144 861/1091/861
f 1144/1037/1144 593/708/593 861/1091/861
f 1458/703/1458 857/1020/857 1439/704/1439
f 980/1003/980 1143/702/1143 1165/1038/1165
f 902/871/902 1147/1051/1147 1142/870/1142
f 113/90/113 106/480/106 105/420/105
f 378/452/378 390/679/390 94/471/94
f 181/478/181 189/616/189 188/479/188
f 9/422/9 1141/454/1141 15/27/15
f 43/43/43 1156/416/1156 59/58/59
f 50/969/50 1152/488/1152 53/959/53
f 173/476/173 181/478/181 180/477/180
f 1253/65/1253 1263/445/1263 163/436/163
f 386/475/386 163/436/163 162/437/162
f 120/114/120 135/46/135 166/48/166
f 14/28/14 15/27/15 1139/24/1139
f 15/27/15 1141/454/1141 1139/24/1139
f 69/69/69 66/1556/66 75/336/75
f 1178/869/1178 1219/868/1219 903/904/903
f 62/1557/62 67/338/67 75/336/75
f 1108/993/1108 1170/1075/1170 1221/994/1221
f 1169/1072/1169 1220/998/1220 1170/1075/1170
f 66/155/66 69/129/69 149/130/149
f 42/464/42 1217/1002/1217 1216/441/1216
f 414/596/414 1215/958/1215 1214/487/1214
f 1302/463/1302 1217/1002/1217 42/464/42
f 1354/905/1354 1212/1001/1212 905/929/905
f 369/634/369 1211/467/1211 388/195/388
f 369/634/369 1209/353/1209 1210/635/1210
f 154/12/154 1208/314/1208 49/313/49
f 516/81/516 1206/1000/1206 1212/1001/1212
f 1239/734/1239 1248/692/1248 1461/974/1461
f 144/386/144 1204/664/1204 1202/607/1202
f 908/999/908 904/927/904 1206/1000/1206
f 102/199/102 1211/467/1211 209/187/209
f 1199/136/1199 129/492/129 146/131/146
f 1208/314/1208 81/118/81 82/16/82
f 52/50/52 1198/45/1198 1197/44/1197
f 1160/989/1160 1220/998/1220 1169/1072/1169
f 94/471/94 95/633/95 380/440/380
f 101/181/101 1200/465/1200 102/199/102
f 145/955/145 1194/954/1194 1207/134/1207
f 1228/662/1228 53/959/53 1227/385/1227
f 389/1558/389 1209/353/1209 1193/1559/1193
f 1249/995/1249 982/990/982 1163/996/1163
f 409/468/409 235/228/235 245/469/245
f 1200/465/1200 377/193/377 388/195/388
f 1082/984/1082 1221/994/1221 1191/983/1191
f 389/648/389 1190/649/1190 166/48/166
f 376/992/376 1190/649/1190 167/651/167
f 1202/607/1202 56/665/56 1238/957/1238
f 415/493/415 1189/606/1189 1205/693/1205
f 100/183/100 1195/461/1195 101/181/101
f 982/990/982 1185/986/1185 981/985/981
f 1183/988/1183 1196/997/1196 1160/989/1160
f 1459/749/1459 1462/751/1462 1183/988/1183
f 366/459/366 173/476/173 172/466/172
f 1230/963/1230 1247/967/1247 978/964/978
f 383/474/383 1203/652/1203 1182/449/1182
f 99/200/99 1187/405/1187 100/183/100
f 1181/403/1181 99/200/99 1265/196/1265
f 143/116/143 1186/103/1186 465/154/465
f 383/474/383 1182/449/1182 1180/101/1180
f 981/985/981 1179/987/1179 980/1003/980
f 1195/461/1195 387/460/387 377/193/377
f 1187/405/1187 373/404/373 387/460/387
f 367/458/367 164/446/164 165/448/165
f 1377/867/1377 1138/20/1138 517/22/517
f 1178/869/1178 903/904/903 1088/903/1088
f 453/102/453 133/682/133 1186/103/1186
f 582/982/582 1201/593/1201 1176/860/1176
f 596/826/596 1176/860/1176 1218/600/1218
f 411/981/411 1175/602/1175 1215/958/1215
f 1188/603/1188 1175/602/1175 411/981/411
f 964/787/964 1218/600/1218 1174/584/1174
f 896/784/896 1174/584/1174 1188/603/1188
f 1197/44/1197 128/132/128 1173/491/1173
f 54/49/54 1173/491/1173 1199/136/1199
f 465/154/465 1177/681/1177 1172/152/1172
f 1172/152/1172 133/682/133 134/119/134
f 1213/417/1213 154/12/154 24/11/24
f 371/457/371 379/483/379 396/451/396
f 976/978/976 1245/980/1245 1163/996/1163
f 1244/971/1244 976/977/976 977/972/977
f 62/61/62 63/418/63 68/444/68
f 117/78/117 104/419/104 206/455/206
f 1146/421/1146 106/480/106 96/453/96
f 1141/454/1141 96/453/96 97/428/97
f 1139/24/1139 1141/454/1141 97/428/97
f 1189/606/1189 1240/694/1240 1205/693/1205
f 1248/692/1248 472/697/472 1460/973/1460
f 415/493/415 1205/693/1205 1248/692/1248
f 358/1547/358 1246/975/1246 1238/957/1238
f 162/437/162 374/166/374 368/143/368
f 396/451/396 379/483/379 378/452/378
f 88/96/88 386/475/386 385/100/385
f 1359/917/1359 1237/970/1237 975/1275/975
f 1237/970/1237 977/972/977 975/1275/975
f 164/446/164 60/64/60 65/447/65
f 1325/961/1325 1330/396/1330 5/960/5
f 50/969/50 1235/660/1235 47/415/47
f 1380/802/1380 473/796/473 1360/794/1360
f 1263/445/1263 1271/168/1271 365/164/365
f 63/418/63 158/121/158 159/443/159
f 1247/967/1247 974/968/974 978/964/978
f 1233/966/1233 1083/916/1083 974/968/974
f 168/153/168 384/99/384 385/100/385
f 103/435/103 381/434/381 380/440/380
f 127/163/127 1231/395/1231 1340/397/1340
f 5/960/5 1231/395/1231 1232/399/1232
f 1151/438/1151 32/159/32 33/335/33
f 978/964/978 1470/735/1470 1230/963/1230
f 163/436/163 365/164/365 374/166/374
f 397/433/397 378/452/378 381/434/381
f 1311/431/1311 370/400/370 394/402/394
f 363/429/363 38/42/38 39/40/39
f 5/960/5 11/53/11 1326/83/1326
f 53/959/53 1241/661/1241 50/969/50
f 1227/385/1227 53/959/53 359/489/359
f 1276/384/1276 1204/664/1204 1313/663/1313
f 1262/427/1262 1292/949/1292 21/25/21
f 458/424/458 86/613/86 1290/425/1290
f 360/423/360 361/925/361 40/37/40
f 1229/667/1229 17/52/17 11/53/11
f 148/156/148 1235/660/1235 147/133/147
f 109/793/109 1224/408/1224 1234/921/1234
f 1224/408/1224 109/793/109 107/104/107
f 105/420/105 4/31/4 31/32/31
f 79/82/79 206/455/206 104/419/104
f 18/3/18 108/902/108 357/407/357
f 12/1/12 18/3/18 124/409/124
f 1223/656/1223 148/156/148 382/84/382
f 142/60/142 134/119/134 158/121/158
f 1213/417/1213 160/117/160 81/118/81
f 1222/657/1222 1223/656/1223 382/84/382
f 154/12/154 49/313/49 52/50/52
f 155/10/155 52/50/52 55/410/55
f 1140/414/1140 50/969/50 47/415/47
f 36/411/36 156/13/156 1268/412/1268
f 1285/392/1285 1268/412/1268 156/13/156
f 1224/408/1224 16/406/16 124/409/124
f 1234/921/1234 1224/408/1224 357/407/357
f 125/198/125 124/409/124 16/406/16
f 1181/403/1181 372/442/372 373/404/373
f 370/400/370 371/457/371 395/401/395
f 126/162/126 125/198/125 1232/399/1232
f 1232/399/1232 1231/395/1231 126/162/126
f 1231/395/1231 5/960/5 1330/396/1330
f 312/378/312 311/645/311 1027/393/1027
f 57/391/57 58/609/58 1285/392/1285
f 1280/389/1280 1294/387/1294 131/390/131
f 144/386/144 131/390/131 1294/387/1294
f 346/379/346 337/523/337 244/224/244
f 308/377/308 311/645/311 312/378/312
f 305/374/305 308/377/308 309/376/309
f 303/373/303 302/372/302 305/374/305
f 300/369/300 299/371/299 302/372/302
f 300/369/300 347/368/347 345/370/345
f 247/367/247 345/370/345 347/368/347
f 233/364/233 247/367/247 248/366/248
f 201/362/201 203/646/203 233/364/233
f 199/361/199 203/646/203 201/362/201
f 185/358/185 177/1560/177 183/359/183
f 177/356/177 169/354/169 175/355/175
f 1209/353/1209 389/1558/389 175/355/175
f 1210/635/1210 1209/353/1209 169/354/169
f 1209/353/1209 369/634/369 161/350/161
f 1193/1559/1193 1209/353/1209 167/352/167
f 161/350/161 375/349/375 376/351/376
f 92/348/92 376/351/376 375/349/375
f 452/346/452 92/348/92 93/347/93
f 451/345/451 119/342/119 122/344/122
f 119/342/119 153/341/153 159/343/159
f 68/340/68 159/343/159 153/341/153
f 67/338/67 68/340/68 35/339/35
f 75/336/75 67/338/67 34/337/34
f 70/334/70 75/336/75 33/335/33
f 1333/938/1333 72/70/72 70/334/70
f 1331/158/1331 1333/938/1333 70/334/70
f 353/330/353 352/572/352 1030/331/1030
f 332/328/332 330/326/330 350/329/350
f 351/325/351 350/329/350 330/326/330
f 313/323/313 349/678/349 331/324/331
f 333/321/333 332/328/332 348/322/348
f 295/139/295 286/247/286 291/246/291
f 29/301/29 284/302/284 278/319/278
f 116/279/116 26/320/26 278/319/278
f 258/308/258 267/309/267 266/140/266
f 234/235/234 202/221/202 223/218/223
f 237/231/237 223/218/223 224/217/224
f 406/316/406 213/883/213 205/317/205
f 178/170/178 186/174/186 192/315/192
f 170/165/170 178/170/178 184/146/184
f 374/166/374 170/165/170 176/149/176
f 112/141/112 85/280/85 344/282/344
f 85/280/85 112/141/112 267/309/267
f 267/309/267 258/308/258 262/275/262
f 263/272/263 262/275/262 258/308/258
f 264/273/264 263/272/263 259/239/259
f 1267/305/1267 261/590/261 265/306/265
f 759/303/759 989/265/989 433/267/433
f 83/138/83 290/249/290 284/302/284
f 29/301/29 285/264/285 295/139/295
f 319/291/319 304/292/304 307/300/307
f 322/289/322 319/291/319 324/299/324
f 323/287/323 322/289/322 327/298/327
f 321/284/321 323/287/323 328/297/328
f 1289/285/1289 321/284/321 326/295/326
f 304/292/304 319/291/319 314/293/314
f 317/290/317 314/293/314 319/291/319
f 318/288/318 317/290/317 322/289/322
f 316/286/316 318/288/318 323/287/323
f 1259/283/1259 316/286/316 321/284/321
f 1312/486/1312 394/402/394 1217/1002/1217
f 1214/487/1214 1311/431/1311 1310/432/1310
f 1194/954/1194 1313/663/1313 1309/388/1309
f 1162/582/1162 1307/35/1307 1308/34/1308
f 85/280/85 116/279/116 272/281/272
f 116/279/116 85/280/85 343/276/343
f 1012/950/1012 1305/675/1305 1303/674/1303
f 343/276/343 262/275/262 268/277/268
f 269/274/269 268/277/268 262/275/262
f 414/596/414 1214/487/1214 1312/486/1312
f 410/605/410 1301/462/1301 98/197/98
f 235/228/235 1298/223/1298 1299/229/1299
f 1295/680/1295 1311/431/1311 1215/958/1215
f 1294/387/1294 130/135/130 1207/134/1207
f 1308/34/1308 1292/949/1292 400/579/400
f 1300/426/1300 87/430/87 457/95/457
f 270/271/270 269/274/269 263/272/263
f 1288/268/1288 265/306/265 271/269/271
f 989/265/989 770/631/770 434/266/434
f 19/2/19 1307/35/1307 1286/834/1286
f 285/264/285 280/263/280 286/247/286
f 287/244/287 286/247/286 280/263/280
f 288/254/288 1293/257/1293 282/255/282
f 256/553/256 1287/238/1287 1283/554/1283
f 242/206/242 1283/554/1283 255/237/255
f 446/261/446 997/627/997 996/262/996
f 447/258/447 996/262/996 995/259/995
f 1284/245/1284 287/244/287 281/256/281
f 283/253/283 289/565/289 288/254/288
f 991/250/991 992/618/992 437/251/437
f 84/248/84 296/644/296 290/249/290
f 19/2/19 1281/836/1281 18/3/18
f 1281/836/1281 108/902/108 18/3/18
f 54/49/54 1294/387/1294 1280/389/1280
f 1280/389/1280 55/410/55 54/49/54
f 1238/957/1238 1279/956/1279 358/1547/358
f 1279/956/1279 468/696/468 358/1547/358
f 287/244/287 292/1548/292 291/246/291
f 1266/243/1266 292/1548/292 287/244/287
f 264/273/264 1278/270/1278 270/271/270
f 139/142/139 112/141/112 253/241/253
f 238/225/238 224/217/224 212/215/212
f 1194/954/1194 1227/385/1227 1313/663/1313
f 56/665/56 1314/383/1314 1238/957/1238
f 259/239/259 258/308/258 254/240/254
f 1287/238/1287 260/307/260 259/239/259
f 1283/554/1283 1287/238/1287 255/237/255
f 320/588/320 1275/296/1275 325/589/325
f 329/547/329 1275/296/1275 1296/573/1296
f 246/234/246 1299/229/1299 234/235/234
f 245/469/245 1291/551/1291 336/629/336
f 205/317/205 1273/222/1273 1298/223/1298
f 213/883/213 1277/953/1277 1273/222/1273
f 221/201/221 1277/953/1277 1272/188/1272
f 239/233/239 236/226/236 212/215/212
f 237/231/237 251/525/251 246/234/246
f 270/271/270 1270/563/1270 276/952/276
f 1269/549/1269 281/256/281 275/548/275
f 276/952/276 1270/563/1270 1269/549/1269
f 58/609/58 1268/412/1268 1285/392/1285
f 260/307/260 1288/268/1288 264/273/264
f 256/553/256 261/590/261 1287/238/1287
f 293/567/293 1284/245/1284 288/254/288
f 1012/950/1012 1303/674/1303 1266/243/1266
f 99/200/99 1272/188/1272 1265/196/1265
f 98/197/98 1301/462/1301 1265/196/1265
f 413/604/413 1264/85/1264 1295/680/1295
f 249/232/249 244/224/244 236/226/236
f 250/230/250 251/525/251 237/231/237
f 1274/227/1274 245/469/245 235/228/235
f 164/446/164 1271/168/1271 1263/445/1263
f 404/601/404 1292/949/1292 1262/427/1262
f 1261/413/1261 157/610/157 37/504/37
f 1261/413/1261 457/95/457 36/411/36
f 1017/677/1017 1304/1207/1304 1260/574/1260
f 1260/574/1260 352/572/352 339/546/339
f 244/224/244 250/230/250 238/225/238
f 1273/222/1273 217/220/217 202/221/202
f 315/561/315 1289/285/1289 320/588/320
f 336/629/336 1259/283/1259 315/561/315
f 243/557/243 1258/205/1258 196/555/196
f 188/479/188 1258/205/1258 1257/885/1257
f 180/477/180 1257/885/1257 1256/176/1256
f 367/458/367 1255/172/1255 1271/168/1271
f 172/466/172 1256/176/1256 1255/172/1255
f 466/586/466 1254/481/1254 1264/85/1264
f 402/585/402 1262/427/1262 1254/481/1254
f 60/64/60 1263/445/1263 1253/65/1253
f 1252/63/1252 386/475/386 88/96/88
f 1252/63/1252 1290/425/1290 86/613/86
f 73/125/73 1250/1561/1250 1344/948/1344
f 217/220/217 218/887/218 223/218/223
f 1339/947/1339 32/159/32 1151/438/1151
f 223/218/223 218/887/218 219/219/219
f 76/945/76 1341/942/1341 1222/657/1222
f 224/217/224 219/219/219 216/216/216
f 229/214/229 230/236/230 212/215/212
f 138/212/138 231/552/231 198/213/198
f 132/211/132 200/208/200 204/210/204
f 200/208/200 194/207/194 241/209/241
f 242/206/242 241/209/241 194/207/194
f 127/163/127 1329/965/1329 1335/941/1335
f 1297/203/1297 242/206/242 195/204/195
f 1338/310/1338 1155/312/1155 61/944/61
f 1222/657/1222 1328/943/1328 64/658/64
f 214/202/214 226/882/226 221/201/221
f 1335/941/1335 1327/161/1327 27/8/27
f 99/200/99 100/183/100 210/182/210
f 215/184/215 211/185/211 225/186/225
f 102/199/102 225/186/225 211/185/211
f 6/4/6 12/1/12 125/198/125
f 1265/196/1265 1272/188/1272 227/190/227
f 377/193/377 103/435/103 207/194/207
f 1321/935/1321 149/130/149 150/124/150
f 76/945/76 1320/940/1320 1332/946/1332
f 1320/940/1320 76/945/76 152/472/152
f 72/70/72 1319/936/1319 74/72/74
f 74/72/74 1343/937/1343 1251/122/1251
f 407/191/407 408/587/408 706/192/706
f 1317/128/1317 150/124/150 151/126/151
f 1272/188/1272 1277/953/1277 222/189/222
f 1316/62/1316 59/58/59 1156/416/1156
f 225/186/225 102/199/102 209/187/209
f 215/184/215 214/202/214 210/182/210
f 108/902/108 1382/934/1382 1381/806/1381
f 101/181/101 211/185/211 210/182/210
f 220/178/220 225/186/225 208/179/208
f 1219/868/1219 1377/867/1377 1378/908/1378
f 1256/176/1256 1257/885/1257 187/177/187
f 121/148/121 123/147/123 190/175/190
f 860/743/860 1373/918/1373 1372/1276/1372
f 179/173/179 187/177/187 186/174/186
f 1255/172/1255 1256/176/1256 179/173/179
f 506/890/506 1370/889/1370 1371/931/1371
f 137/144/137 121/148/121 182/171/182
f 171/169/171 179/173/179 178/170/178
f 1271/168/1271 1255/172/1255 171/169/171
f 118/145/118 137/144/137 174/167/174
f 365/164/365 171/169/171 170/165/170
f 504/930/504 1371/931/1371 1369/932/1369
f 904/927/904 1374/926/1374 1366/907/1366
f 1374/926/1374 496/872/496 1089/906/1089
f 361/925/361 1364/775/1364 1368/773/1368
f 560/912/560 1369/932/1369 1363/913/1363
f 544/897/544 1362/1076/1362 1375/923/1375
f 1/6/1 6/4/6 126/162/126
f 470/753/470 361/108/361 1361/815/1361
f 1234/921/1234 1360/794/1360 109/793/109
f 1334/160/1334 78/80/78 27/8/27
f 148/156/148 147/133/147 128/132/128
f 66/155/66 140/15/140 141/17/141
f 454/93/454 90/115/90 143/116/143
f 1083/916/1083 1379/920/1379 1359/917/1359
f 1083/916/1083 1373/918/1373 860/743/860
f 1134/914/1134 1358/915/1358 1376/1269/1376
f 561/911/561 1363/913/1363 1358/915/1358
f 168/153/168 368/143/368 118/145/118
f 81/118/81 142/60/142 141/17/141
f 176/149/176 184/146/184 121/148/121
f 1437/839/1437 1357/910/1357 1382/934/1382
f 1357/910/1357 1401/575/1401 1356/909/1356
f 398/577/398 1355/837/1355 1356/909/1356
f 903/904/903 1378/908/1378 1354/905/1354
f 1366/907/1366 1088/903/1088 1354/905/1354
f 107/104/107 1364/775/1364 360/423/360
f 474/761/474 1360/794/1360 473/796/473
f 357/407/357 1380/802/1380 1234/921/1234
f 357/407/357 1381/806/1381 1351/803/1351
f 1353/892/1353 592/899/592 591/900/591
f 544/897/544 1349/896/1349 1362/1076/1362
f 523/894/523 1349/896/1349 1367/1508/1367
f 184/146/184 192/315/192 123/147/123
f 368/143/368 176/149/176 137/144/137
f 1353/892/1353 1348/888/1348 479/893/479
f 1348/888/1348 506/890/506 479/893/479
f 266/140/266 267/309/267 112/141/112
f 298/137/298 84/248/84 83/138/83
f 530/713/530 1347/881/1347 1367/1508/1367
f 864/879/864 1347/881/1347 1372/1276/1372
f 485/876/485 1346/878/1346 1350/898/1350
f 146/131/146 129/492/129 128/132/128
f 69/129/69 71/1562/71 150/124/150
f 150/124/150 71/1562/71 73/125/73
f 73/73/73 74/72/74 1251/122/1251
f 134/119/134 133/682/133 22/120/22
f 1345/874/1345 491/877/491 490/875/490
f 491/877/491 1345/874/1345 1346/878/1346
f 160/117/160 134/119/134 142/60/142
f 90/115/90 384/99/384 120/114/120
f 384/99/384 168/153/168 135/46/135
f 464/79/464 117/78/117 115/112/115
f 1400/576/1400 399/835/399 1432/838/1432
f 1142/870/1142 1377/867/1377 1178/869/1178
f 403/109/403 407/191/407 712/110/712
f 1282/933/1282 1437/839/1437 1382/934/1382
f 1381/806/1381 1382/934/1382 1436/807/1436
f 362/106/362 39/40/39 40/107/40
f 107/104/107 360/423/360 41/105/41
f 1180/101/1180 91/450/91 453/102/453
f 399/835/399 1433/866/1433 1432/838/1432
f 384/99/384 90/115/90 89/98/89
f 456/97/456 88/96/88 89/98/89
f 586/861/586 1427/865/1427 1423/862/1423
f 1154/581/1154 1421/578/1421 1433/866/1433
f 918/844/918 1430/864/1430 1419/845/1419
f 585/855/585 1423/862/1423 1418/854/1418
f 516/81/516 1417/580/1417 515/594/515
f 1417/580/1417 400/579/400 404/601/404
f 1087/857/1087 1415/859/1415 1430/864/1430
f 1414/852/1414 522/858/522 1086/856/1086
f 522/858/522 1414/852/1414 1415/859/1415
f 1236/805/1236 1412/795/1412 473/796/473
f 457/95/457 87/430/87 88/96/88
f 1236/805/1236 1411/804/1411 1434/851/1434
f 1239/734/1239 1435/962/1435 1470/735/1470
f 919/736/919 1410/1563/1410 1425/730/1425
f 1409/801/1409 1413/1536/1413 891/849/891
f 915/847/915 1428/1177/1428 1408/785/1408
f 915/847/915 1406/846/1406 1428/1177/1428
f 918/844/918 1406/846/1406 915/847/915
f 1452/741/1452 1453/739/1453 533/731/533
f 1404/820/1404 643/843/643 529/1365/529
f 634/742/634 1403/825/1403 1405/740/1405
f 1402/797/1402 885/841/885 607/842/607
f 1281/836/1281 1437/839/1437 1282/933/1282
f 1400/576/1400 1153/21/1153 1355/837/1355
f 1286/834/1286 1400/576/1400 1401/575/1401
f 633/830/633 1431/737/1431 1079/1501/1079
f 1398/829/1398 1425/730/1425 1468/729/1468
f 1398/829/1398 1399/833/1399 633/830/633
f 582/982/582 1397/827/1397 1201/593/1201
f 596/826/596 1397/827/1397 582/982/582
f 635/824/635 616/811/616 1396/821/1396
f 1420/812/1420 531/818/531 534/822/534
f 565/819/565 564/1102/564 1404/820/1404
f 1395/816/1395 529/1365/529 532/817/532
f 1420/812/1420 615/808/615 1394/810/1394
f 1351/803/1351 1436/807/1436 1393/1564/1393
f 1351/803/1351 1393/1564/1393 1411/804/1411
f 454/93/454 23/151/23 24/11/24
f 461/91/461 113/90/113 114/92/114
f 1460/973/1460 472/697/472 1469/745/1469
f 878/799/878 1409/801/1409 1392/1397/1392
f 885/841/885 1407/840/1407 1392/1397/1392
f 891/1473/891 1413/1542/1413 1391/1466/1391
f 870/783/870 1422/782/1422 1391/1466/1391
f 1390/792/1390 631/798/631 971/772/971
f 1390/792/1390 621/789/621 957/791/957
f 460/89/460 111/88/111 113/90/113
f 459/87/459 110/86/110 111/88/111
f 1264/85/1264 1254/481/1254 110/86/110
f 964/787/964 1416/788/1416 596/826/596
f 896/784/896 1388/786/1388 964/787/964
f 1387/779/1387 870/783/870 890/1425/890
f 587/780/587 1386/781/1386 1427/865/1427
f 588/777/588 1387/779/1387 1386/781/1386
f 1385/770/1385 971/772/971 958/776/958
f 622/769/622 621/789/621 1385/770/1385
f 500/765/500 643/843/643 1424/766/1424
f 476/758/476 1383/763/1383 1389/1565/1389
f 475/760/475 1426/762/1426 1383/763/1383
f 476/758/476 1389/1565/1389 1471/759/1471
f 470/755/470 1467/757/1467 1465/1566/1465
f 470/753/470 1466/724/1466 471/695/471
f 1306/746/1306 1463/752/1463 1464/747/1464
f 382/84/382 148/156/148 136/18/136
f 11/53/11 46/36/46 1324/54/1324
f 1184/750/1184 1459/749/1459 979/748/979
f 979/748/979 1458/703/1458 1143/702/1143
f 1306/746/1306 1457/744/1457 468/696/468
f 468/696/468 1469/745/1469 472/697/472
f 1167/68/1167 80/67/80 31/32/31
f 860/743/860 533/731/533 1453/739/1453
f 1166/1045/1166 1167/68/1167 31/32/31
f 1453/739/1453 1452/741/1452 1405/740/1405
f 1421/578/1421 516/81/516 1153/21/1153
f 1153/21/1153 1433/866/1433 1421/578/1421
f 78/80/78 77/1073/77 28/75/28
f 13/5/13 14/28/14 20/33/20
f 462/77/462 114/92/114 117/78/117
f 7/7/7 8/26/8 14/28/14
f 919/736/919 1470/735/1470 1410/1563/1410
f 2/9/2 3/74/3 8/26/8
f 3/74/3 2/9/2 28/75/28
f 71/71/71 72/70/72 74/72/74
f 533/731/533 1451/732/1451 1452/741/1452
f 69/69/69 70/334/70 72/70/72
f 142/60/142 63/418/63 62/61/62
f 44/41/44 43/43/43 1315/59/1315
f 1315/59/1315 1318/57/1318 44/41/44
f 1323/56/1323 45/39/45 44/41/44
f 1324/54/1324 46/36/46 45/38/45
f 1450/728/1450 1425/730/1425 1410/1563/1410
f 1410/1563/1410 1470/735/1470 1450/728/1450
f 1128/726/1128 1448/727/1448 1455/1537/1455
f 481/722/481 1449/720/1449 1448/727/1448
f 17/52/17 41/105/41 46/36/46
f 54/49/54 55/410/55 52/50/52
f 1150/699/1150 1447/725/1447 1463/752/1463
f 471/695/471 1447/725/1447 469/698/469
f 135/46/135 118/145/118 364/47/364
f 44/41/44 39/40/39 38/42/38
f 1449/720/1449 481/722/481 487/719/487
f 1101/716/1101 1445/718/1445 859/1543/859
f 859/1543/859 1445/718/1445 1468/729/1468
f 45/39/45 40/107/40 39/40/39
f 46/36/46 41/105/41 40/37/40
f 20/33/20 1161/23/1161 1308/34/1308
f 493/707/493 1446/715/1446 487/719/487
f 530/713/530 1443/712/1443 1451/732/1451
f 637/705/637 1443/712/1443 1442/706/1442
f 593/708/593 595/1273/595 1441/709/1441
f 1145/30/1145 1166/1045/1166 31/32/31
f 8/26/8 9/422/9 15/27/15
f 136/18/136 128/132/128 48/19/48
f 140/15/140 136/18/136 82/16/82
f 156/13/156 36/411/36 25/14/25
f 637/705/637 1440/688/1440 884/687/884
f 595/1273/595 1439/704/1439 1441/709/1441
f 1143/702/1143 1439/704/1439 595/1273/595
f 155/10/155 25/14/25 24/11/24
f 559/690/559 1456/701/1456 1131/1555/1131
f 884/687/884 1438/689/1438 559/690/559
f 27/8/27 28/75/28 2/9/2
f 1/6/1 2/9/2 7/7/7
f 6/4/6 7/7/7 13/5/13
f 12/1/12 13/5/13 19/2/19
f 440/537/440 297/566/297 1475/534/1475
f 439/532/439 1476/620/1476 1474/531/1474
f 1473/534/1473 796/684/796 944/686/944
f 943/1534/943 1472/531/1472 1477/620/1477
f 943/1534/943 1473/534/1473 994/533/994
f 994/533/994 440/537/440 1475/534/1475
f 994/1551/994 1472/1553/1472 943/1567/943
f 993/619/993 1474/531/1474 438/530/438
f 1510/1568/1510 1533/1569/1533 1511/1570/1511
f 1492/1571/1492 1498/1572/1498 1497/1573/1497
f 1497/1573/1497 1491/1574/1491 1492/1571/1492
f 1496/1575/1496 1490/1576/1490 1491/1574/1491
f 1490/1576/1490 1505/1577/1505 1499/1578/1499
f 1478/1579/1478 1499/1578/1499 1505/1577/1505
f 1478/1579/1478 1489/1580/1489 1479/1581/1479
f 1485/1582/1485 1507/1583/1507 1509/1584/1509
f 1508/1585/1508 1481/1586/1481 1486/1587/1486
f 1487/1588/1487 1503/1589/1503 1500/1590/1500
f 1488/1591/1488 1500/1590/1500 1501/1592/1501
f 1504/1593/1504 1488/1591/1488 1501/1592/1501
f 1502/1594/1502 1483/1595/1483 1504/1593/1504
f 1512/1596/1512 1480/1597/1480 1513/1598/1513
f 1493/1599/1493 1511/1570/1511 1498/1572/1498
f 1502/1594/1502 1513/1598/1513 1482/1600/1482
f 1486/1587/1486 1509/1584/1509 1508/1585/1508
f 1484/1601/1484 1506/1602/1506 1507/1603/1507
f 1527/1604/1527 1532/1605/1532 1528/1606/1528
f 1526/1607/1526 1531/1608/1531 1527/1604/1527
f 1525/1609/1525 1530/1610/1530 1526/1607/1526
f 1541/1611/1541 1525/1609/1525 1534/1612/1534
f 1514/1613/1514 1534/1612/1534 1515/1614/1515
f 1524/1615/1524 1514/1613/1514 1515/1614/1515
f 1520/1616/1520 1543/1617/1543 1519/1618/1519
f 1516/1619/1516 1544/1620/1544 1521/1621/1521
f 1539/1622/1539 1522/1623/1522 1535/1624/1535
f 1535/1624/1535 1523/1625/1523 1536/1626/1536
f 1540/1627/1540 1523/1625/1523 1518/1628/1518
f 1537/1629/1537 1518/1628/1518 1517/1630/1517
f 1528/1606/1528 1547/1631/1547 1546/1632/1546
f 1548/1633/1548 1480/1597/1480 1538/1634/1538
f 1537/1629/1537 1549/1635/1549 1548/1633/1548
f 1546/1632/1546 1533/1569/1533 1494/1636/1494
f 1521/1621/1521 1545/1637/1545 1520/1616/1520
f 1519/1638/1519 1542/1639/1542 1524/1615/1524
f 1536/1626/1536 1573/1640/1573 1535/1624/1535
f 1512/1596/1512 1576/1641/1576 1538/1634/1538
f 1501/1592/1501 1555/1642/1555 1556/1643/1556
f 1530/1610/1530 1568/1644/1568 1569/1645/1569
f 1533/1569/1533 1565/1646/1565 1511/1570/1511
f 1496/1575/1496 1553/1647/1553 1552/1648/1552
f 1543/1649/1543 1580/1650/1580 1542/1639/1542
f 1532/1605/1532 1584/1651/1584 1547/1631/1547
f 1535/1624/1535 1577/1652/1577 1539/1622/1539
f 1500/1590/1500 1558/1653/1558 1555/1642/1555
f 1533/1569/1533 1584/1651/1584 1572/1654/1572
f 1541/1611/1541 1568/1644/1568 1529/1655/1529
f 1507/1603/1507 1561/1656/1561 1562/1657/1562
f 1505/1577/1505 1551/1658/1551 1560/1659/1560
f 1540/1627/1540 1575/1660/1575 1578/1661/1578
f 1498/1572/1498 1565/1646/1565 1554/1662/1554
f 1504/1593/1504 1557/1663/1557 1502/1594/1502
f 1537/1629/1537 1585/1664/1585 1575/1660/1575
f 1496/1575/1496 1551/1658/1551 1495/1665/1495
f 1544/1620/1544 1583/1666/1583 1545/1637/1545
f 1539/1622/1539 1582/1667/1582 1544/1620/1544
f 1503/1589/1503 1563/1668/1563 1558/1653/1558
f 1545/1637/1545 1581/1669/1581 1543/1617/1543
f 1542/1639/1542 1567/1670/1567 1514/1613/1514
f 1509/1671/1509 1562/1657/1562 1564/1672/1564
f 1540/1627/1540 1574/1673/1574 1536/1626/1536
f 1504/1593/1504 1556/1643/1556 1559/1674/1559
f 1530/1610/1530 1570/1675/1570 1531/1608/1531
f 1502/1594/1502 1566/1676/1566 1512/1596/1512
f 1508/1585/1508 1564/1677/1564 1563/1668/1563
f 1548/1633/1548 1576/1641/1576 1585/1664/1585
f 1497/1573/1497 1554/1662/1554 1553/1647/1553
f 1514/1613/1514 1579/1678/1579 1541/1611/1541
f 1478/1579/1478 1560/1659/1560 1550/1679/1550
f 1506/1602/1506 1550/1679/1550 1561/1656/1561
f 1531/1608/1531 1571/1680/1571 1532/1605/1532
f 1583/1681/1583 1617/1682/1617 1581/1683/1581
f 1564/1672/1564 1598/1684/1598 1600/1685/1600
f 1575/1660/1575 1621/1686/1621 1611/1687/1611
f 1557/1663/1557 1602/1688/1602 1566/1676/1566
f 1570/1675/1570 1605/1689/1605 1606/1690/1606
f 1553/1647/1553 1588/1691/1588 1552/1648/1552
f 1567/1670/1567 1615/1692/1615 1579/1678/1579
f 1550/1679/1550 1596/1693/1596 1586/1694/1586
f 1585/1664/1585 1612/1695/1612 1621/1686/1621
f 1566/1676/1566 1612/1695/1612 1576/1641/1576
f 1581/1683/1581 1616/1696/1616 1580/1650/1580
f 1562/1657/1562 1597/1697/1597 1598/1684/1598
f 1578/1661/1578 1611/1687/1611 1614/1698/1614
f 1559/1674/1559 1593/1699/1593 1557/1663/1557
f 1579/1678/1579 1604/1700/1604 1568/1644/1568
f 1560/1659/1560 1587/1701/1587 1596/1693/1596
f 1584/1651/1584 1608/1702/1608 1572/1654/1572
f 1565/1646/1565 1608/1702/1608 1601/1703/1601
f 1569/1645/1569 1604/1700/1604 1605/1689/1605
f 1552/1648/1552 1587/1701/1587 1551/1658/1551
f 1574/1673/1574 1614/1698/1614 1610/1704/1610
f 1556/1643/1556 1595/1705/1595 1559/1674/1559
f 1571/1680/1571 1620/1706/1620 1584/1651/1584
f 1554/1662/1554 1601/1703/1601 1590/1707/1590
f 1582/1667/1582 1619/1708/1619 1583/1666/1583
f 1563/1668/1563 1600/1709/1600 1599/1710/1599
f 1573/1640/1573 1613/1711/1613 1577/1652/1577
f 1555/1642/1555 1594/1712/1594 1591/1713/1591
f 1577/1652/1577 1618/1714/1618 1582/1667/1582
f 1558/1653/1558 1599/1710/1599 1594/1712/1594
f 1571/1680/1571 1606/1690/1606 1607/1715/1607
f 1554/1662/1554 1589/1716/1589 1553/1647/1553
f 1580/1650/1580 1603/1717/1603 1567/1670/1567
f 1561/1656/1561 1586/1694/1586 1597/1697/1597
f 1574/1673/1574 1609/1718/1609 1573/1640/1573
f 1556/1643/1556 1591/1713/1591 1592/1719/1592
f 1613/1711/1613 1654/1720/1654 1618/1714/1618
f 1594/1712/1594 1635/1721/1635 1630/1722/1630
f 1606/1690/1606 1643/1723/1643 1607/1715/1607
f 1589/1716/1589 1626/1724/1626 1625/1725/1625
f 1616/1696/1616 1639/1726/1639 1603/1717/1603
f 1597/1697/1597 1622/1727/1622 1633/1728/1633
f 1609/1718/1609 1646/1729/1646 1645/1730/1645
f 1591/1713/1591 1628/1731/1628 1592/1719/1592
f 1619/1732/1619 1653/1733/1653 1617/1682/1617
f 1600/1685/1600 1634/1734/1634 1636/1735/1636
f 1611/1687/1611 1657/1736/1657 1647/1737/1647
f 1593/1699/1593 1638/1738/1638 1602/1688/1602
f 1605/1689/1605 1642/1739/1642 1606/1690/1606
f 1588/1691/1588 1625/1725/1625 1624/1740/1624
f 1603/1717/1603 1651/1741/1651 1615/1692/1615
f 1586/1694/1586 1632/1742/1632 1622/1727/1622
f 1621/1686/1621 1648/1743/1648 1657/1736/1657
f 1602/1688/1602 1648/1743/1648 1612/1695/1612
f 1617/1682/1617 1652/1744/1652 1616/1696/1616
f 1598/1684/1598 1633/1728/1633 1634/1734/1634
f 1614/1698/1614 1647/1737/1647 1650/1745/1650
f 1595/1705/1595 1629/1746/1629 1593/1699/1593
f 1615/1692/1615 1640/1747/1640 1604/1700/1604
f 1596/1693/1596 1623/1748/1623 1632/1742/1632
f 1608/1702/1608 1656/1749/1656 1644/1750/1644
f 1608/1702/1608 1637/1751/1637 1601/1703/1601
f 1604/1700/1604 1641/1752/1641 1605/1689/1605
f 1587/1701/1587 1624/1740/1624 1623/1748/1623
f 1610/1704/1610 1650/1745/1650 1646/1729/1646
f 1592/1719/1592 1631/1753/1631 1595/1705/1595
f 1620/1706/1620 1643/1723/1643 1656/1749/1656
f 1601/1703/1601 1626/1724/1626 1590/1707/1590
f 1618/1714/1618 1655/1754/1655 1619/1708/1619
f 1599/1710/1599 1636/1755/1636 1635/1721/1635
f 1609/1718/1609 1649/1756/1649 1613/1711/1613
f 1591/1713/1591 1630/1722/1630 1627/1757/1627
f 1654/1720/1654 1685/1758/1685 1690/1759/1690
f 1635/1721/1635 1666/1760/1666 1630/1722/1630
f 1642/1739/1642 1679/1761/1679 1643/1723/1643
f 1625/1725/1625 1662/1762/1662 1661/1763/1661
f 1652/1744/1652 1675/1764/1675 1639/1726/1639
f 1633/1728/1633 1658/1765/1658 1669/1766/1669
f 1645/1730/1645 1682/1767/1682 1681/1768/1681
f 1627/1757/1627 1664/1769/1664 1628/1731/1628
f 1655/1770/1655 1689/1771/1689 1653/1733/1653
f 1636/1755/1636 1670/1772/1670 1672/1773/1672
f 1647/1737/1647 1693/1774/1693 1683/1775/1683
f 1629/1746/1629 1674/1776/1674 1638/1738/1638
f 1641/1752/1641 1678/1777/1678 1642/1739/1642
f 1624/1740/1624 1661/1763/1661 1660/1778/1660
f 1639/1726/1639 1687/1779/1687 1651/1741/1651
f 1622/1727/1622 1668/1780/1668 1658/1765/1658
f 1657/1736/1657 1684/1781/1684 1693/1774/1693
f 1638/1738/1638 1684/1781/1684 1648/1743/1648
f 1653/1733/1653 1688/1782/1688 1652/1744/1652
f 1634/1734/1634 1669/1766/1669 1670/1783/1670
f 1650/1745/1650 1683/1775/1683 1686/1784/1686
f 1631/1753/1631 1665/1785/1665 1629/1746/1629
f 1651/1741/1651 1676/1786/1676 1640/1747/1640
f 1632/1742/1632 1659/1787/1659 1668/1780/1668
f 1656/1749/1656 1680/1788/1680 1644/1750/1644
f 1637/1751/1637 1680/1788/1680 1673/1789/1673
f 1640/1747/1640 1677/1790/1677 1641/1752/1641
f 1623/1748/1623 1660/1778/1660 1659/1787/1659
f 1646/1729/1646 1686/1784/1686 1682/1767/1682
f 1628/1731/1628 1667/1791/1667 1631/1753/1631
f 1643/1723/1643 1692/1792/1692 1656/1749/1656
f 1626/1724/1626 1673/1789/1673 1662/1762/1662
f 1655/1754/1655 1690/1759/1690 1691/1793/1691
f 1636/1755/1636 1671/1794/1671 1635/1721/1635
f 1649/1756/1649 1681/1768/1681 1685/1758/1685
f 1630/1722/1630 1663/1795/1663 1627/1757/1627
f 1659/1787/1659 1660/1778/1660 1694/1796/1694
f 1660/1778/1660 1661/1763/1661 1699/1797/1698
f 1668/1780/1668 1659/1787/1659 1729/1798/1728
f 1658/1765/1658 1668/1780/1668 1695/1799/1695
f 1684/1781/1684 1674/1776/1674 1722/1800/1721
f 1684/1781/1684 1696/1801/1684 1701/1802/1700
f 1676/1786/1676 1697/1803/1696 1702/1804/1701
f 1687/1779/1687 1710/1805/1709 1697/1803/1696
f 1679/1761/1679 1708/1806/1707 1698/1807/1697
f 1692/1792/1692 1698/1807/1697 1715/1808/1714
f 1661/1763/1661 1662/1762/1662 1705/1809/1704
f 1670/1783/1670 1669/1766/1669 1700/1810/1699
f 1669/1766/1669 1658/1765/1658 1720/1811/1719
f 1693/1774/1693 1701/1802/1700 1727/1812/1726
f 1677/1790/1677 1702/1804/1701 1704/1813/1703
f 1690/1759/1690 1685/1758/1685 1703/1814/1702
f 1685/1758/1685 1681/1768/1681 1716/1815/1715
f 1678/1777/1678 1704/1813/1703 1708/1806/1707
f 1662/1762/1662 1673/1789/1673 1719/1816/1718
f 1670/1772/1670 1706/1817/1705 1714/1818/1713
f 1682/1767/1682 1686/1784/1686 1707/1819/1706
f 1686/1784/1686 1683/1775/1683 1727/1812/1726
f 1666/1760/1666 1724/1820/1723 1709/1821/1708
f 1663/1795/1663 1709/1821/1708 1713/1822/1712
f 1675/1764/1675 1725/1823/1724 1710/1805/1709
f 1671/1794/1671 1711/1824/1710 1724/1820/1723
f 1672/1773/1672 1714/1818/1713 1711/1824/1710
f 1689/1771/1689 1717/1825/1716 1712/1826/1711
f 1688/1782/1688 1712/1826/1711 1725/1823/1724
f 1664/1769/1664 1713/1822/1712 1728/1827/1727
f 1673/1789/1673 1680/1788/1680 1715/1808/1714
f 1681/1768/1681 1682/1767/1682 1721/1828/1720
f 1689/1829/1689 1691/1793/1691 1726/1830/1725
f 1667/1791/1667 1728/1827/1727 1718/1831/1717
f 1674/1776/1674 1665/1785/1665 1718/1831/1717
f 1691/1793/1691 1690/1759/1690 1723/1832/1722
f 1630/1722/1630 1666/1760/1666 1663/1795/1663
f 1649/1756/1649 1645/1730/1645 1681/1768/1681
f 1636/1755/1636 1672/1773/1672 1671/1794/1671
f 1655/1754/1655 1654/1720/1654 1690/1759/1690
f 1626/1724/1626 1637/1751/1637 1673/1789/1673
f 1643/1723/1643 1679/1761/1679 1692/1792/1692
f 1628/1731/1628 1664/1769/1664 1667/1791/1667
f 1646/1729/1646 1650/1745/1650 1686/1784/1686
f 1623/1748/1623 1624/1740/1624 1660/1778/1660
f 1640/1747/1640 1676/1786/1676 1677/1790/1677
f 1637/1751/1637 1644/1750/1644 1680/1788/1680
f 1656/1749/1656 1692/1792/1692 1680/1788/1680
f 1632/1742/1632 1623/1748/1623 1659/1787/1659
f 1651/1741/1651 1687/1779/1687 1676/1786/1676
f 1631/1753/1631 1667/1791/1667 1665/1785/1665
f 1650/1745/1650 1647/1737/1647 1683/1775/1683
f 1634/1734/1634 1633/1728/1633 1669/1766/1669
f 1653/1733/1653 1689/1771/1689 1688/1782/1688
f 1638/1738/1638 1674/1776/1674 1684/1781/1684
f 1657/1736/1657 1648/1743/1648 1684/1781/1684
f 1622/1727/1622 1632/1742/1632 1668/1780/1668
f 1639/1726/1639 1675/1764/1675 1687/1779/1687
f 1624/1740/1624 1625/1725/1625 1661/1763/1661
f 1641/1752/1641 1677/1790/1677 1678/1777/1678
f 1629/1746/1629 1665/1785/1665 1674/1776/1674
f 1647/1737/1647 1657/1736/1657 1693/1774/1693
f 1636/1735/1636 1634/1734/1634 1670/1783/1670
f 1655/1754/1655 1691/1793/1691 1689/1829/1689
f 1627/1757/1627 1663/1795/1663 1664/1769/1664
f 1645/1730/1645 1646/1729/1646 1682/1767/1682
f 1633/1728/1633 1622/1727/1622 1658/1765/1658
f 1652/1744/1652 1688/1782/1688 1675/1764/1675
f 1625/1725/1625 1626/1724/1626 1662/1762/1662
f 1642/1739/1642 1678/1777/1678 1679/1761/1679
f 1635/1721/1635 1671/1794/1671 1666/1760/1666
f 1654/1720/1654 1649/1756/1649 1685/1758/1685
f 1591/1713/1591 1594/1712/1594 1630/1722/1630
f 1609/1718/1609 1645/1730/1645 1649/1756/1649
f 1599/1710/1599 1600/1709/1600 1636/1755/1636
f 1618/1714/1618 1654/1720/1654 1655/1754/1655
f 1601/1703/1601 1637/1751/1637 1626/1724/1626
f 1620/1706/1620 1607/1715/1607 1643/1723/1643
f 1592/1719/1592 1628/1731/1628 1631/1753/1631
f 1610/1704/1610 1614/1698/1614 1650/1745/1650
f 1587/1701/1587 1588/1691/1588 1624/1740/1624
f 1604/1700/1604 1640/1747/1640 1641/1752/1641
f 1608/1702/1608 1644/1750/1644 1637/1751/1637
f 1608/1702/1608 1620/1706/1620 1656/1749/1656
f 1596/1693/1596 1587/1701/1587 1623/1748/1623
f 1615/1692/1615 1651/1741/1651 1640/1747/1640
f 1595/1705/1595 1631/1753/1631 1629/1746/1629
f 1614/1698/1614 1611/1687/1611 1647/1737/1647
f 1598/1684/1598 1597/1697/1597 1633/1728/1633
f 1617/1682/1617 1653/1733/1653 1652/1744/1652
f 1602/1688/1602 1638/1738/1638 1648/1743/1648
f 1621/1686/1621 1612/1695/1612 1648/1743/1648
f 1586/1694/1586 1596/1693/1596 1632/1742/1632
f 1603/1717/1603 1639/1726/1639 1651/1741/1651
f 1588/1691/1588 1589/1716/1589 1625/1725/1625
f 1605/1689/1605 1641/1752/1641 1642/1739/1642
f 1593/1699/1593 1629/1746/1629 1638/1738/1638
f 1611/1687/1611 1621/1686/1621 1657/1736/1657
f 1600/1685/1600 1598/1684/1598 1634/1734/1634
f 1619/1732/1619 1655/1770/1655 1653/1733/1653
f 1591/1713/1591 1627/1757/1627 1628/1731/1628
f 1609/1718/1609 1610/1704/1610 1646/1729/1646
f 1597/1697/1597 1586/1694/1586 1622/1727/1622
f 1616/1696/1616 1652/1744/1652 1639/1726/1639
f 1589/1716/1589 1590/1707/1590 1626/1724/1626
f 1606/1690/1606 1642/1739/1642 1643/1723/1643
f 1594/1712/1594 1599/1710/1599 1635/1721/1635
f 1613/1711/1613 1649/1756/1649 1654/1720/1654
f 1556/1643/1556 1555/1642/1555 1591/1713/1591
f 1574/1673/1574 1610/1704/1610 1609/1718/1609
f 1561/1656/1561 1550/1679/1550 1586/1694/1586
f 1580/1650/1580 1616/1696/1616 1603/1717/1603
f 1554/1662/1554 1590/1707/1590 1589/1716/1589
f 1571/1680/1571 1570/1675/1570 1606/1690/1606
f 1558/1653/1558 1563/1668/1563 1599/1710/1599
f 1577/1652/1577 1613/1711/1613 1618/1714/1618
f 1555/1642/1555 1558/1653/1558 1594/1712/1594
f 1573/1640/1573 1609/1718/1609 1613/1711/1613
f 1563/1668/1563 1564/1677/1564 1600/1709/1600
f 1582/1667/1582 1618/1714/1618 1619/1708/1619
f 1554/1662/1554 1565/1646/1565 1601/1703/1601
f 1571/1680/1571 1607/1715/1607 1620/1706/1620
f 1556/1643/1556 1592/1719/1592 1595/1705/1595
f 1574/1673/1574 1578/1661/1578 1614/1698/1614
f 1552/1648/1552 1588/1691/1588 1587/1701/1587
f 1569/1645/1569 1568/1644/1568 1604/1700/1604
f 1565/1646/1565 1572/1654/1572 1608/1702/1608
f 1584/1651/1584 1620/1706/1620 1608/1702/1608
f 1560/1659/1560 1551/1658/1551 1587/1701/1587
f 1579/1678/1579 1615/1692/1615 1604/1700/1604
f 1559/1674/1559 1595/1705/1595 1593/1699/1593
f 1578/1661/1578 1575/1660/1575 1611/1687/1611
f 1562/1657/1562 1561/1656/1561 1597/1697/1597
f 1581/1683/1581 1617/1682/1617 1616/1696/1616
f 1566/1676/1566 1602/1688/1602 1612/1695/1612
f 1585/1664/1585 1576/1641/1576 1612/1695/1612
f 1550/1679/1550 1560/1659/1560 1596/1693/1596
f 1567/1670/1567 1603/1717/1603 1615/1692/1615
f 1553/1647/1553 1589/1716/1589 1588/1691/1588
f 1570/1675/1570 1569/1645/1569 1605/1689/1605
f 1557/1663/1557 1593/1699/1593 1602/1688/1602
f 1575/1660/1575 1585/1664/1585 1621/1686/1621
f 1564/1672/1564 1562/1657/1562 1598/1684/1598
f 1583/1681/1583 1619/1732/1619 1617/1682/1617
f 1531/1608/1531 1570/1675/1570 1571/1680/1571
f 1506/1602/1506 1478/1579/1478 1550/1679/1550
f 1478/1579/1478 1505/1577/1505 1560/1659/1560
f 1514/1613/1514 1567/1670/1567 1579/1678/1579
f 1497/1573/1497 1498/1572/1498 1554/1662/1554
f 1548/1633/1548 1538/1634/1538 1576/1641/1576
f 1508/1585/1508 1509/1584/1509 1564/1677/1564
f 1502/1594/1502 1557/1663/1557 1566/1676/1566
f 1530/1610/1530 1569/1645/1569 1570/1675/1570
f 1504/1593/1504 1501/1592/1501 1556/1643/1556
f 1540/1627/1540 1578/1661/1578 1574/1673/1574
f 1509/1584/1509 1507/1583/1507 1562/1833/1562
f 1542/1639/1542 1580/1650/1580 1567/1670/1567
f 1545/1834/1545 1583/1681/1583 1581/1683/1581
f 1503/1589/1503 1508/1585/1508 1563/1668/1563
f 1539/1622/1539 1577/1652/1577 1582/1667/1582
f 1544/1620/1544 1582/1667/1582 1583/1666/1583
f 1496/1575/1496 1552/1648/1552 1551/1658/1551
f 1537/1629/1537 1548/1633/1548 1585/1664/1585
f 1504/1593/1504 1559/1674/1559 1557/1663/1557
f 1498/1572/1498 1511/1570/1511 1565/1646/1565
f 1540/1627/1540 1537/1629/1537 1575/1660/1575
f 1505/1577/1505 1495/1665/1495 1551/1658/1551
f 1507/1603/1507 1506/1602/1506 1561/1656/1561
f 1541/1611/1541 1579/1678/1579 1568/1644/1568
f 1533/1569/1533 1547/1631/1547 1584/1651/1584
f 1500/1590/1500 1503/1589/1503 1558/1653/1558
f 1535/1624/1535 1573/1640/1573 1577/1652/1577
f 1532/1605/1532 1571/1680/1571 1584/1651/1584
f 1543/1649/1543 1581/1683/1581 1580/1650/1580
f 1496/1575/1496 1497/1573/1497 1553/1647/1553
f 1533/1569/1533 1572/1654/1572 1565/1646/1565
f 1530/1610/1530 1529/1655/1529 1568/1644/1568
f 1501/1592/1501 1500/1590/1500 1555/1642/1555
f 1512/1596/1512 1566/1676/1566 1576/1641/1576
f 1536/1626/1536 1574/1673/1574 1573/1640/1573
f 1519/1638/1519 1543/1649/1543 1542/1639/1542
f 1521/1621/1521 1544/1620/1544 1545/1637/1545
f 1546/1632/1546 1547/1631/1547 1533/1569/1533
f 1537/1629/1537 1517/1630/1517 1549/1635/1549
f 1548/1633/1548 1549/1635/1549 1480/1597/1480
f 1528/1606/1528 1532/1605/1532 1547/1631/1547
f 1537/1629/1537 1540/1627/1540 1518/1628/1518
f 1540/1627/1540 1536/1626/1536 1523/1625/1523
f 1535/1624/1535 1522/1623/1522 1523/1625/1523
f 1539/1622/1539 1516/1619/1516 1522/1623/1522
f 1516/1619/1516 1539/1622/1539 1544/1620/1544
f 1520/1616/1520 1545/1637/1545 1543/1617/1543
f 1524/1615/1524 1542/1639/1542 1514/1613/1514
f 1514/1613/1514 1541/1611/1541 1534/1612/1534
f 1541/1611/1541 1529/1655/1529 1525/1609/1525
f 1525/1609/1525 1529/1655/1529 1530/1610/1530
f 1526/1607/1526 1530/1610/1530 1531/1608/1531
f 1527/1604/1527 1531/1608/1531 1532/1605/1532
f 1484/1601/1484 1489/1580/1489 1506/1602/1506
f 1486/1587/1486 1485/1582/1485 1509/1584/1509
f 1502/1594/1502 1512/1596/1512 1513/1598/1513
f 1493/1599/1493 1510/1568/1510 1511/1570/1511
f 1512/1596/1512 1538/1634/1538 1480/1597/1480
f 1502/1594/1502 1482/1600/1482 1483/1595/1483
f 1504/1593/1504 1483/1595/1483 1488/1591/1488
f 1488/1591/1488 1487/1588/1487 1500/1590/1500
f 1487/1588/1487 1481/1586/1481 1503/1589/1503
f 1508/1585/1508 1503/1589/1503 1481/1586/1481
f 1485/1582/1485 1484/1835/1484 1507/1583/1507
f 1478/1579/1478 1506/1602/1506 1489/1580/1489
f 1478/1579/1478 1479/1581/1479 1499/1578/1499
f 1490/1576/1490 1495/1665/1495 1505/1577/1505
f 1496/1575/1496 1495/1665/1495 1490/1576/1490
f 1497/1573/1497 1496/1575/1496 1491/1574/1491
f 1492/1571/1492 1493/1599/1493 1498/1572/1498
f 1510/1568/1510 1494/1636/1494 1533/1569/1533
f 1691/1793/1691 1723/1832/1722 1726/1830/1725
f 1674/1776/1674 1718/1831/1717 1722/1800/1721
f 1667/1791/1667 1718/1831/1717 1665/1785/1665
f 1689/1829/1689 1726/1830/1725 1717/1836/1716
f 1681/1768/1681 1721/1828/1720 1716/1815/1715
f 1673/1789/1673 1715/1808/1714 1719/1816/1718
f 1664/1769/1664 1728/1827/1727 1667/1791/1667
f 1688/1782/1688 1725/1823/1724 1675/1764/1675
f 1689/1771/1689 1712/1826/1711 1688/1782/1688
f 1672/1773/1672 1711/1824/1710 1671/1794/1671
f 1671/1794/1671 1724/1820/1723 1666/1760/1666
f 1675/1764/1675 1710/1805/1709 1687/1779/1687
f 1663/1795/1663 1713/1822/1712 1664/1769/1664
f 1666/1760/1666 1709/1821/1708 1663/1795/1663
f 1686/1784/1686 1727/1812/1726 1707/1819/1706
f 1682/1767/1682 1707/1819/1706 1721/1828/1720
f 1670/1772/1670 1714/1818/1713 1672/1773/1672
f 1662/1762/1662 1719/1816/1718 1705/1809/1704
f 1678/1777/1678 1708/1806/1707 1679/1761/1679
f 1685/1758/1685 1716/1815/1715 1703/1814/1702
f 1690/1759/1690 1703/1814/1702 1723/1832/1722
f 1677/1790/1677 1704/1813/1703 1678/1777/1678
f 1693/1774/1693 1727/1812/1726 1683/1775/1683
f 1669/1766/1669 1720/1811/1719 1700/1810/1699
f 1670/1783/1670 1700/1810/1699 1706/1837/1705
f 1661/1763/1661 1705/1809/1704 1699/1797/1698
f 1692/1792/1692 1715/1808/1714 1680/1788/1680
f 1679/1761/1679 1698/1807/1697 1692/1792/1692
f 1687/1779/1687 1697/1803/1696 1676/1786/1676
f 1676/1786/1676 1702/1804/1701 1677/1790/1677
f 1684/1781/1684 1701/1802/1700 1693/1774/1693
f 1684/1781/1684 1722/1800/1721 1696/1801/1684
f 1658/1765/1658 1695/1799/1695 1720/1811/1719
f 1668/1780/1668 1729/1798/1728 1695/1799/1695
f 1660/1778/1660 1699/1797/1698 1694/1796/1694
f 1659/1787/1659 1694/1796/1694 1729/1798/1728
